Ponto,Arquivo,Shape,Dtype,Min,Max
Point1,Au.tif,"(2048, 2048)",uint16,0,321
Point1,B7H3.tif,"(2048, 2048)",uint16,0,0
Point1,Background.tif,"(2048, 2048)",uint16,0,40
Point1,Beta catenin.tif,"(2048, 2048)",uint16,0,6
Point1,C.tif,"(2048, 2048)",uint16,0,0
Point1,Ca.tif,"(2048, 2048)",uint16,0,504
Point1,CD11b.tif,"(2048, 2048)",uint16,0,7
Point1,CD11c.tif,"(2048, 2048)",uint16,0,9
Point1,CD138.tif,"(2048, 2048)",uint16,0,48
Point1,CD16.tif,"(2048, 2048)",uint16,0,12
Point1,CD163.tif,"(2048, 2048)",uint16,0,3
Point1,CD20.tif,"(2048, 2048)",uint16,0,32
Point1,CD209.tif,"(2048, 2048)",uint16,0,7
Point1,CD3.tif,"(2048, 2048)",uint16,0,9
Point1,CD31.tif,"(2048, 2048)",uint16,0,5
Point1,CD4.tif,"(2048, 2048)",uint16,0,7
Point1,CD45.tif,"(2048, 2048)",uint16,0,32
Point1,CD45RO.tif,"(2048, 2048)",uint16,0,10
Point1,CD56.tif,"(2048, 2048)",uint16,0,8
Point1,CD63.tif,"(2048, 2048)",uint16,0,49
Point1,CD68.tif,"(2048, 2048)",uint16,0,25
Point1,CD8.tif,"(2048, 2048)",uint16,0,15
Point1,CSF-1R.tif,"(2048, 2048)",uint16,0,10
Point1,dsDNA.tif,"(2048, 2048)",uint16,0,75
Point1,EGFR.tif,"(2048, 2048)",uint16,0,0
Point1,Fe.tif,"(2048, 2048)",uint16,0,480
Point1,FoxP3.tif,"(2048, 2048)",uint16,0,0
Point1,H3K27me3.tif,"(2048, 2048)",uint16,0,118
Point1,H3K9ac.tif,"(2048, 2048)",uint16,0,29
Point1,HLA-DR.tif,"(2048, 2048)",uint16,0,71
Point1,HLA_Class_1.tif,"(2048, 2048)",uint16,0,24
Point1,IDO.tif,"(2048, 2048)",uint16,0,5
Point1,Keratin17.tif,"(2048, 2048)",uint16,0,5
Point1,Keratin6.tif,"(2048, 2048)",uint16,0,26
Point1,Ki67.tif,"(2048, 2048)",uint16,0,12
Point1,Lag3.tif,"(2048, 2048)",uint16,0,6
Point1,MPO.tif,"(2048, 2048)",uint16,0,22
Point1,Na.tif,"(2048, 2048)",uint16,0,640
Point1,OX40.tif,"(2048, 2048)",uint16,0,0
Point1,P.tif,"(2048, 2048)",uint16,0,15
Point1,p53.tif,"(2048, 2048)",uint16,0,10
Point1,Pan-Keratin.tif,"(2048, 2048)",uint16,0,34
Point1,PD-L1.tif,"(2048, 2048)",uint16,0,0
Point1,PD1.tif,"(2048, 2048)",uint16,0,6
Point1,phospho-S6.tif,"(2048, 2048)",uint16,0,11
Point1,Segmentation.tif,"(2048, 2048)",uint16,0,1
Point1,SegmentationInterior.tif,"(2048, 2048)",uint8,0,1
Point1,Si.tif,"(2048, 2048)",uint16,0,513
Point1,SMA.tif,"(2048, 2048)",uint16,0,50
Point1,Ta.tif,"(2048, 2048)",uint16,0,260
Point1,Vimentin.tif,"(2048, 2048)",uint16,0,39
Point10,Au.tif,"(2048, 2048)",uint16,0,412
Point10,B7H3.tif,"(2048, 2048)",uint16,0,7
Point10,Background.tif,"(2048, 2048)",uint16,0,48
Point10,Beta catenin.tif,"(2048, 2048)",uint16,0,25
Point10,C.tif,"(2048, 2048)",uint16,0,0
Point10,Ca.tif,"(2048, 2048)",uint16,0,511
Point10,CD11b.tif,"(2048, 2048)",uint16,0,17
Point10,CD11c.tif,"(2048, 2048)",uint16,0,13
Point10,CD138.tif,"(2048, 2048)",uint16,0,33
Point10,CD16.tif,"(2048, 2048)",uint16,0,48
Point10,CD163.tif,"(2048, 2048)",uint16,0,15
Point10,CD20.tif,"(2048, 2048)",uint16,0,21
Point10,CD209.tif,"(2048, 2048)",uint16,0,11
Point10,CD3.tif,"(2048, 2048)",uint16,0,8
Point10,CD31.tif,"(2048, 2048)",uint16,0,7
Point10,CD4.tif,"(2048, 2048)",uint16,0,9
Point10,CD45.tif,"(2048, 2048)",uint16,0,49
Point10,CD45RO.tif,"(2048, 2048)",uint16,0,22
Point10,CD56.tif,"(2048, 2048)",uint16,0,12
Point10,CD63.tif,"(2048, 2048)",uint16,0,30
Point10,CD68.tif,"(2048, 2048)",uint16,0,48
Point10,CD8.tif,"(2048, 2048)",uint16,0,22
Point10,CSF-1R.tif,"(2048, 2048)",uint16,0,20
Point10,dsDNA.tif,"(2048, 2048)",uint16,0,131
Point10,EGFR.tif,"(2048, 2048)",uint16,0,11
Point10,Fe.tif,"(2048, 2048)",uint16,0,506
Point10,FoxP3.tif,"(2048, 2048)",uint16,0,20
Point10,H3K27me3.tif,"(2048, 2048)",uint16,0,138
Point10,H3K9ac.tif,"(2048, 2048)",uint16,0,34
Point10,HLA-DR.tif,"(2048, 2048)",uint16,0,129
Point10,HLA_Class_1.tif,"(2048, 2048)",uint16,0,55
Point10,IDO.tif,"(2048, 2048)",uint16,0,15
Point10,Keratin17.tif,"(2048, 2048)",uint16,0,27
Point10,Keratin6.tif,"(2048, 2048)",uint16,0,58
Point10,Ki67.tif,"(2048, 2048)",uint16,0,19
Point10,Lag3.tif,"(2048, 2048)",uint16,0,27
Point10,MPO.tif,"(2048, 2048)",uint16,0,87
Point10,Na.tif,"(2048, 2048)",uint16,0,590
Point10,OX40.tif,"(2048, 2048)",uint16,0,8
Point10,P.tif,"(2048, 2048)",uint16,0,29
Point10,p53.tif,"(2048, 2048)",uint16,0,22
Point10,Pan-Keratin.tif,"(2048, 2048)",uint16,0,84
Point10,PD-L1.tif,"(2048, 2048)",uint16,0,13
Point10,PD1.tif,"(2048, 2048)",uint16,0,13
Point10,phospho-S6.tif,"(2048, 2048)",uint16,0,29
Point10,Segmentation.tif,"(2048, 2048)",uint16,0,1
Point10,SegmentationInterior.tif,"(2048, 2048)",uint8,0,1
Point10,Si.tif,"(2048, 2048)",uint16,0,512
Point10,SMA.tif,"(2048, 2048)",uint16,0,99
Point10,Ta.tif,"(2048, 2048)",uint16,0,382
Point10,Vimentin.tif,"(2048, 2048)",uint16,0,196
Point11,Au.tif,"(2048, 2048)",uint16,0,388
Point11,B7H3.tif,"(2048, 2048)",uint16,0,0
Point11,Background.tif,"(2048, 2048)",uint16,0,46
Point11,Beta catenin.tif,"(2048, 2048)",uint16,0,22
Point11,C.tif,"(2048, 2048)",uint16,0,0
Point11,Ca.tif,"(2048, 2048)",uint16,0,509
Point11,CD11b.tif,"(2048, 2048)",uint16,0,9
Point11,CD11c.tif,"(2048, 2048)",uint16,0,16
Point11,CD138.tif,"(2048, 2048)",uint16,0,13
Point11,CD16.tif,"(2048, 2048)",uint16,0,33
Point11,CD163.tif,"(2048, 2048)",uint16,0,8
Point11,CD20.tif,"(2048, 2048)",uint16,0,35
Point11,CD209.tif,"(2048, 2048)",uint16,0,7
Point11,CD3.tif,"(2048, 2048)",uint16,0,11
Point11,CD31.tif,"(2048, 2048)",uint16,0,9
Point11,CD4.tif,"(2048, 2048)",uint16,0,7
Point11,CD45.tif,"(2048, 2048)",uint16,0,23
Point11,CD45RO.tif,"(2048, 2048)",uint16,0,18
Point11,CD56.tif,"(2048, 2048)",uint16,0,13
Point11,CD63.tif,"(2048, 2048)",uint16,0,24
Point11,CD68.tif,"(2048, 2048)",uint16,0,26
Point11,CD8.tif,"(2048, 2048)",uint16,0,33
Point11,CSF-1R.tif,"(2048, 2048)",uint16,0,17
Point11,dsDNA.tif,"(2048, 2048)",uint16,0,109
Point11,EGFR.tif,"(2048, 2048)",uint16,0,11
Point11,Fe.tif,"(2048, 2048)",uint16,0,508
Point11,FoxP3.tif,"(2048, 2048)",uint16,0,7
Point11,H3K27me3.tif,"(2048, 2048)",uint16,0,126
Point11,H3K9ac.tif,"(2048, 2048)",uint16,0,66
Point11,HLA-DR.tif,"(2048, 2048)",uint16,0,118
Point11,HLA_Class_1.tif,"(2048, 2048)",uint16,0,67
Point11,IDO.tif,"(2048, 2048)",uint16,0,14
Point11,Keratin17.tif,"(2048, 2048)",uint16,0,24
Point11,Keratin6.tif,"(2048, 2048)",uint16,0,47
Point11,Ki67.tif,"(2048, 2048)",uint16,0,22
Point11,Lag3.tif,"(2048, 2048)",uint16,0,13
Point11,MPO.tif,"(2048, 2048)",uint16,0,70
Point11,Na.tif,"(2048, 2048)",uint16,0,664
Point11,OX40.tif,"(2048, 2048)",uint16,0,17
Point11,P.tif,"(2048, 2048)",uint16,0,65
Point11,p53.tif,"(2048, 2048)",uint16,0,18
Point11,Pan-Keratin.tif,"(2048, 2048)",uint16,0,56
Point11,PD-L1.tif,"(2048, 2048)",uint16,0,8
Point11,PD1.tif,"(2048, 2048)",uint16,0,9
Point11,phospho-S6.tif,"(2048, 2048)",uint16,0,14
Point11,Segmentation.tif,"(2048, 2048)",uint16,0,1
Point11,SegmentationInterior.tif,"(2048, 2048)",uint8,0,1
Point11,Si.tif,"(2048, 2048)",uint16,0,513
Point11,SMA.tif,"(2048, 2048)",uint16,0,92
Point11,Ta.tif,"(2048, 2048)",uint16,0,371
Point11,Vimentin.tif,"(2048, 2048)",uint16,0,195
Point12,Au.tif,"(2048, 2048)",uint16,0,459
Point12,B7H3.tif,"(2048, 2048)",uint16,0,19
Point12,Background.tif,"(2048, 2048)",uint16,0,24
Point12,Beta catenin.tif,"(2048, 2048)",uint16,0,18
Point12,C.tif,"(2048, 2048)",uint16,0,0
Point12,Ca.tif,"(2048, 2048)",uint16,0,506
Point12,CD11b.tif,"(2048, 2048)",uint16,0,15
Point12,CD11c.tif,"(2048, 2048)",uint16,0,21
Point12,CD138.tif,"(2048, 2048)",uint16,0,15
Point12,CD16.tif,"(2048, 2048)",uint16,0,40
Point12,CD163.tif,"(2048, 2048)",uint16,0,24
Point12,CD20.tif,"(2048, 2048)",uint16,0,46
Point12,CD209.tif,"(2048, 2048)",uint16,0,7
Point12,CD3.tif,"(2048, 2048)",uint16,0,10
Point12,CD31.tif,"(2048, 2048)",uint16,0,8
Point12,CD4.tif,"(2048, 2048)",uint16,0,32
Point12,CD45.tif,"(2048, 2048)",uint16,0,64
Point12,CD45RO.tif,"(2048, 2048)",uint16,0,36
Point12,CD56.tif,"(2048, 2048)",uint16,0,6
Point12,CD63.tif,"(2048, 2048)",uint16,0,28
Point12,CD68.tif,"(2048, 2048)",uint16,0,160
Point12,CD8.tif,"(2048, 2048)",uint16,0,30
Point12,CSF-1R.tif,"(2048, 2048)",uint16,0,17
Point12,dsDNA.tif,"(2048, 2048)",uint16,0,164
Point12,EGFR.tif,"(2048, 2048)",uint16,0,7
Point12,Fe.tif,"(2048, 2048)",uint16,0,508
Point12,FoxP3.tif,"(2048, 2048)",uint16,0,12
Point12,H3K27me3.tif,"(2048, 2048)",uint16,0,123
Point12,H3K9ac.tif,"(2048, 2048)",uint16,0,42
Point12,HLA-DR.tif,"(2048, 2048)",uint16,0,165
Point12,HLA_Class_1.tif,"(2048, 2048)",uint16,0,71
Point12,IDO.tif,"(2048, 2048)",uint16,0,16
Point12,Keratin17.tif,"(2048, 2048)",uint16,0,22
Point12,Keratin6.tif,"(2048, 2048)",uint16,0,59
Point12,Ki67.tif,"(2048, 2048)",uint16,0,21
Point12,Lag3.tif,"(2048, 2048)",uint16,0,13
Point12,MPO.tif,"(2048, 2048)",uint16,0,85
Point12,Na.tif,"(2048, 2048)",uint16,0,584
Point12,OX40.tif,"(2048, 2048)",uint16,0,24
Point12,P.tif,"(2048, 2048)",uint16,0,70
Point12,p53.tif,"(2048, 2048)",uint16,0,29
Point12,Pan-Keratin.tif,"(2048, 2048)",uint16,0,38
Point12,PD-L1.tif,"(2048, 2048)",uint16,0,10
Point12,PD1.tif,"(2048, 2048)",uint16,0,12
Point12,phospho-S6.tif,"(2048, 2048)",uint16,0,26
Point12,Segmentation.tif,"(2048, 2048)",uint16,0,1
Point12,SegmentationInterior.tif,"(2048, 2048)",uint8,0,1
Point12,Si.tif,"(2048, 2048)",uint16,0,515
Point12,SMA.tif,"(2048, 2048)",uint16,0,29
Point12,Ta.tif,"(2048, 2048)",uint16,0,395
Point12,Vimentin.tif,"(2048, 2048)",uint16,0,150
Point13,Au.tif,"(2048, 2048)",uint16,0,434
Point13,B7H3.tif,"(2048, 2048)",uint16,0,0
Point13,Background.tif,"(2048, 2048)",uint16,0,48
Point13,Beta catenin.tif,"(2048, 2048)",uint16,0,24
Point13,C.tif,"(2048, 2048)",uint16,0,0
Point13,Ca.tif,"(2048, 2048)",uint16,0,504
Point13,CD11b.tif,"(2048, 2048)",uint16,0,9
Point13,CD11c.tif,"(2048, 2048)",uint16,0,15
Point13,CD138.tif,"(2048, 2048)",uint16,0,13
Point13,CD16.tif,"(2048, 2048)",uint16,0,38
Point13,CD163.tif,"(2048, 2048)",uint16,0,8
Point13,CD20.tif,"(2048, 2048)",uint16,0,30
Point13,CD209.tif,"(2048, 2048)",uint16,0,10
Point13,CD3.tif,"(2048, 2048)",uint16,0,11
Point13,CD31.tif,"(2048, 2048)",uint16,0,9
Point13,CD4.tif,"(2048, 2048)",uint16,0,12
Point13,CD45.tif,"(2048, 2048)",uint16,0,34
Point13,CD45RO.tif,"(2048, 2048)",uint16,0,25
Point13,CD56.tif,"(2048, 2048)",uint16,0,12
Point13,CD63.tif,"(2048, 2048)",uint16,0,100
Point13,CD68.tif,"(2048, 2048)",uint16,0,41
Point13,CD8.tif,"(2048, 2048)",uint16,0,49
Point13,CSF-1R.tif,"(2048, 2048)",uint16,0,15
Point13,dsDNA.tif,"(2048, 2048)",uint16,0,96
Point13,EGFR.tif,"(2048, 2048)",uint16,0,7
Point13,Fe.tif,"(2048, 2048)",uint16,0,480
Point13,FoxP3.tif,"(2048, 2048)",uint16,0,7
Point13,H3K27me3.tif,"(2048, 2048)",uint16,0,107
Point13,H3K9ac.tif,"(2048, 2048)",uint16,0,46
Point13,HLA-DR.tif,"(2048, 2048)",uint16,0,47
Point13,HLA_Class_1.tif,"(2048, 2048)",uint16,0,58
Point13,IDO.tif,"(2048, 2048)",uint16,0,23
Point13,Keratin17.tif,"(2048, 2048)",uint16,0,32
Point13,Keratin6.tif,"(2048, 2048)",uint16,0,45
Point13,Ki67.tif,"(2048, 2048)",uint16,0,18
Point13,Lag3.tif,"(2048, 2048)",uint16,0,14
Point13,MPO.tif,"(2048, 2048)",uint16,0,66
Point13,Na.tif,"(2048, 2048)",uint16,0,539
Point13,OX40.tif,"(2048, 2048)",uint16,0,11
Point13,P.tif,"(2048, 2048)",uint16,0,26
Point13,p53.tif,"(2048, 2048)",uint16,0,24
Point13,Pan-Keratin.tif,"(2048, 2048)",uint16,0,31
Point13,PD-L1.tif,"(2048, 2048)",uint16,0,8
Point13,PD1.tif,"(2048, 2048)",uint16,0,13
Point13,phospho-S6.tif,"(2048, 2048)",uint16,0,40
Point13,Segmentation.tif,"(2048, 2048)",uint16,0,1
Point13,SegmentationInterior.tif,"(2048, 2048)",uint8,0,1
Point13,Si.tif,"(2048, 2048)",uint16,0,514
Point13,SMA.tif,"(2048, 2048)",uint16,0,50
Point13,Ta.tif,"(2048, 2048)",uint16,0,404
Point13,Vimentin.tif,"(2048, 2048)",uint16,0,213
Point14,Au.tif,"(2048, 2048)",uint16,0,440
Point14,B7H3.tif,"(2048, 2048)",uint16,0,0
Point14,Background.tif,"(2048, 2048)",uint16,0,69
Point14,Beta catenin.tif,"(2048, 2048)",uint16,0,23
Point14,C.tif,"(2048, 2048)",uint16,0,0
Point14,Ca.tif,"(2048, 2048)",uint16,0,505
Point14,CD11b.tif,"(2048, 2048)",uint16,0,9
Point14,CD11c.tif,"(2048, 2048)",uint16,0,19
Point14,CD138.tif,"(2048, 2048)",uint16,0,12
Point14,CD16.tif,"(2048, 2048)",uint16,0,38
Point14,CD163.tif,"(2048, 2048)",uint16,0,14
Point14,CD20.tif,"(2048, 2048)",uint16,0,12
Point14,CD209.tif,"(2048, 2048)",uint16,0,10
Point14,CD3.tif,"(2048, 2048)",uint16,0,9
Point14,CD31.tif,"(2048, 2048)",uint16,0,6
Point14,CD4.tif,"(2048, 2048)",uint16,0,7
Point14,CD45.tif,"(2048, 2048)",uint16,0,33
Point14,CD45RO.tif,"(2048, 2048)",uint16,0,34
Point14,CD56.tif,"(2048, 2048)",uint16,0,8
Point14,CD63.tif,"(2048, 2048)",uint16,0,33
Point14,CD68.tif,"(2048, 2048)",uint16,0,23
Point14,CD8.tif,"(2048, 2048)",uint16,0,26
Point14,CSF-1R.tif,"(2048, 2048)",uint16,0,12
Point14,dsDNA.tif,"(2048, 2048)",uint16,0,142
Point14,EGFR.tif,"(2048, 2048)",uint16,0,10
Point14,Fe.tif,"(2048, 2048)",uint16,0,505
Point14,FoxP3.tif,"(2048, 2048)",uint16,0,7
Point14,H3K27me3.tif,"(2048, 2048)",uint16,0,161
Point14,H3K9ac.tif,"(2048, 2048)",uint16,0,47
Point14,HLA-DR.tif,"(2048, 2048)",uint16,0,56
Point14,HLA_Class_1.tif,"(2048, 2048)",uint16,0,44
Point14,IDO.tif,"(2048, 2048)",uint16,0,7
Point14,Keratin17.tif,"(2048, 2048)",uint16,0,21
Point14,Keratin6.tif,"(2048, 2048)",uint16,0,62
Point14,Ki67.tif,"(2048, 2048)",uint16,0,29
Point14,Lag3.tif,"(2048, 2048)",uint16,0,16
Point14,MPO.tif,"(2048, 2048)",uint16,0,51
Point14,Na.tif,"(2048, 2048)",uint16,0,586
Point14,OX40.tif,"(2048, 2048)",uint16,0,9
Point14,P.tif,"(2048, 2048)",uint16,0,116
Point14,p53.tif,"(2048, 2048)",uint16,0,29
Point14,Pan-Keratin.tif,"(2048, 2048)",uint16,0,33
Point14,PD-L1.tif,"(2048, 2048)",uint16,0,8
Point14,PD1.tif,"(2048, 2048)",uint16,0,8
Point14,phospho-S6.tif,"(2048, 2048)",uint16,0,19
Point14,Segmentation.tif,"(2048, 2048)",uint16,0,1
Point14,SegmentationInterior.tif,"(2048, 2048)",uint8,0,1
Point14,Si.tif,"(2048, 2048)",uint16,0,516
Point14,SMA.tif,"(2048, 2048)",uint16,0,45
Point14,Ta.tif,"(2048, 2048)",uint16,0,399
Point14,Vimentin.tif,"(2048, 2048)",uint16,0,102
Point15,Au.tif,"(2048, 2048)",uint16,0,463
Point15,B7H3.tif,"(2048, 2048)",uint16,0,0
Point15,Background.tif,"(2048, 2048)",uint16,0,50
Point15,Beta catenin.tif,"(2048, 2048)",uint16,0,14
Point15,C.tif,"(2048, 2048)",uint16,0,0
Point15,Ca.tif,"(2048, 2048)",uint16,0,508
Point15,CD11b.tif,"(2048, 2048)",uint16,0,6
Point15,CD11c.tif,"(2048, 2048)",uint16,0,23
Point15,CD138.tif,"(2048, 2048)",uint16,0,17
Point15,CD16.tif,"(2048, 2048)",uint16,0,57
Point15,CD163.tif,"(2048, 2048)",uint16,0,9
Point15,CD20.tif,"(2048, 2048)",uint16,0,14
Point15,CD209.tif,"(2048, 2048)",uint16,0,11
Point15,CD3.tif,"(2048, 2048)",uint16,0,5
Point15,CD31.tif,"(2048, 2048)",uint16,0,5
Point15,CD4.tif,"(2048, 2048)",uint16,0,3
Point15,CD45.tif,"(2048, 2048)",uint16,0,21
Point15,CD45RO.tif,"(2048, 2048)",uint16,0,14
Point15,CD56.tif,"(2048, 2048)",uint16,0,0
Point15,CD63.tif,"(2048, 2048)",uint16,0,76
Point15,CD68.tif,"(2048, 2048)",uint16,0,52
Point15,CD8.tif,"(2048, 2048)",uint16,0,3
Point15,CSF-1R.tif,"(2048, 2048)",uint16,0,9
Point15,dsDNA.tif,"(2048, 2048)",uint16,0,152
Point15,EGFR.tif,"(2048, 2048)",uint16,0,7
Point15,Fe.tif,"(2048, 2048)",uint16,0,506
Point15,FoxP3.tif,"(2048, 2048)",uint16,0,11
Point15,H3K27me3.tif,"(2048, 2048)",uint16,0,174
Point15,H3K9ac.tif,"(2048, 2048)",uint16,0,33
Point15,HLA-DR.tif,"(2048, 2048)",uint16,0,35
Point15,HLA_Class_1.tif,"(2048, 2048)",uint16,0,24
Point15,IDO.tif,"(2048, 2048)",uint16,0,0
Point15,Keratin17.tif,"(2048, 2048)",uint16,0,12
Point15,Keratin6.tif,"(2048, 2048)",uint16,0,49
Point15,Ki67.tif,"(2048, 2048)",uint16,0,12
Point15,Lag3.tif,"(2048, 2048)",uint16,0,0
Point15,MPO.tif,"(2048, 2048)",uint16,0,11
Point15,Na.tif,"(2048, 2048)",uint16,0,542
Point15,OX40.tif,"(2048, 2048)",uint16,0,5
Point15,P.tif,"(2048, 2048)",uint16,0,73
Point15,p53.tif,"(2048, 2048)",uint16,0,19
Point15,Pan-Keratin.tif,"(2048, 2048)",uint16,0,88
Point15,PD-L1.tif,"(2048, 2048)",uint16,0,8
Point15,PD1.tif,"(2048, 2048)",uint16,0,5
Point15,phospho-S6.tif,"(2048, 2048)",uint16,0,13
Point15,Segmentation.tif,"(2048, 2048)",uint16,0,1
Point15,SegmentationInterior.tif,"(2048, 2048)",uint8,0,1
Point15,Si.tif,"(2048, 2048)",uint16,0,515
Point15,SMA.tif,"(2048, 2048)",uint16,0,121
Point15,Ta.tif,"(2048, 2048)",uint16,0,439
Point15,Vimentin.tif,"(2048, 2048)",uint16,0,38
Point16,Au.tif,"(2048, 2048)",uint16,0,423
Point16,B7H3.tif,"(2048, 2048)",uint16,0,113
Point16,Background.tif,"(2048, 2048)",uint16,0,48
Point16,Beta catenin.tif,"(2048, 2048)",uint16,0,21
Point16,C.tif,"(2048, 2048)",uint16,0,0
Point16,Ca.tif,"(2048, 2048)",uint16,0,505
Point16,CD11b.tif,"(2048, 2048)",uint16,0,11
Point16,CD11c.tif,"(2048, 2048)",uint16,0,16
Point16,CD138.tif,"(2048, 2048)",uint16,0,21
Point16,CD16.tif,"(2048, 2048)",uint16,0,36
Point16,CD163.tif,"(2048, 2048)",uint16,0,65
Point16,CD20.tif,"(2048, 2048)",uint16,0,54
Point16,CD209.tif,"(2048, 2048)",uint16,0,28
Point16,CD3.tif,"(2048, 2048)",uint16,0,17
Point16,CD31.tif,"(2048, 2048)",uint16,0,15
Point16,CD4.tif,"(2048, 2048)",uint16,0,24
Point16,CD45.tif,"(2048, 2048)",uint16,0,58
Point16,CD45RO.tif,"(2048, 2048)",uint16,0,47
Point16,CD56.tif,"(2048, 2048)",uint16,0,12
Point16,CD63.tif,"(2048, 2048)",uint16,0,160
Point16,CD68.tif,"(2048, 2048)",uint16,0,85
Point16,CD8.tif,"(2048, 2048)",uint16,0,31
Point16,CSF-1R.tif,"(2048, 2048)",uint16,0,23
Point16,dsDNA.tif,"(2048, 2048)",uint16,0,136
Point16,EGFR.tif,"(2048, 2048)",uint16,0,8
Point16,Fe.tif,"(2048, 2048)",uint16,0,510
Point16,FoxP3.tif,"(2048, 2048)",uint16,0,10
Point16,H3K27me3.tif,"(2048, 2048)",uint16,0,120
Point16,H3K9ac.tif,"(2048, 2048)",uint16,0,45
Point16,HLA-DR.tif,"(2048, 2048)",uint16,0,123
Point16,HLA_Class_1.tif,"(2048, 2048)",uint16,0,53
Point16,IDO.tif,"(2048, 2048)",uint16,0,20
Point16,Keratin17.tif,"(2048, 2048)",uint16,0,21
Point16,Keratin6.tif,"(2048, 2048)",uint16,0,52
Point16,Ki67.tif,"(2048, 2048)",uint16,0,34
Point16,Lag3.tif,"(2048, 2048)",uint16,0,14
Point16,MPO.tif,"(2048, 2048)",uint16,0,55
Point16,Na.tif,"(2048, 2048)",uint16,0,572
Point16,OX40.tif,"(2048, 2048)",uint16,0,9
Point16,P.tif,"(2048, 2048)",uint16,0,265
Point16,p53.tif,"(2048, 2048)",uint16,0,36
Point16,Pan-Keratin.tif,"(2048, 2048)",uint16,0,46
Point16,PD-L1.tif,"(2048, 2048)",uint16,0,16
Point16,PD1.tif,"(2048, 2048)",uint16,0,14
Point16,phospho-S6.tif,"(2048, 2048)",uint16,0,21
Point16,Segmentation.tif,"(2048, 2048)",uint16,0,1
Point16,SegmentationInterior.tif,"(2048, 2048)",uint8,0,1
Point16,Si.tif,"(2048, 2048)",uint16,0,519
Point16,SMA.tif,"(2048, 2048)",uint16,0,46
Point16,Ta.tif,"(2048, 2048)",uint16,0,399
Point16,Vimentin.tif,"(2048, 2048)",uint16,0,232
Point17,Au.tif,"(2048, 2048)",uint16,0,342
Point17,B7H3.tif,"(2048, 2048)",uint16,0,6
Point17,Background.tif,"(2048, 2048)",uint16,0,24
Point17,Beta catenin.tif,"(2048, 2048)",uint16,0,32
Point17,C.tif,"(2048, 2048)",uint16,0,0
Point17,Ca.tif,"(2048, 2048)",uint16,0,115
Point17,CD11b.tif,"(2048, 2048)",uint16,0,16
Point17,CD11c.tif,"(2048, 2048)",uint16,0,21
Point17,CD138.tif,"(2048, 2048)",uint16,0,36
Point17,CD16.tif,"(2048, 2048)",uint16,0,25
Point17,CD163.tif,"(2048, 2048)",uint16,0,25
Point17,CD20.tif,"(2048, 2048)",uint16,0,86
Point17,CD209.tif,"(2048, 2048)",uint16,0,14
Point17,CD3.tif,"(2048, 2048)",uint16,0,11
Point17,CD31.tif,"(2048, 2048)",uint16,0,7
Point17,CD4.tif,"(2048, 2048)",uint16,0,10
Point17,CD45.tif,"(2048, 2048)",uint16,0,44
Point17,CD45RO.tif,"(2048, 2048)",uint16,0,18
Point17,CD56.tif,"(2048, 2048)",uint16,0,12
Point17,CD63.tif,"(2048, 2048)",uint16,0,33
Point17,CD68.tif,"(2048, 2048)",uint16,0,37
Point17,CD8.tif,"(2048, 2048)",uint16,0,23
Point17,CSF-1R.tif,"(2048, 2048)",uint16,0,26
Point17,dsDNA.tif,"(2048, 2048)",uint16,0,94
Point17,EGFR.tif,"(2048, 2048)",uint16,0,7
Point17,Fe.tif,"(2048, 2048)",uint16,0,508
Point17,FoxP3.tif,"(2048, 2048)",uint16,0,7
Point17,H3K27me3.tif,"(2048, 2048)",uint16,0,118
Point17,H3K9ac.tif,"(2048, 2048)",uint16,0,47
Point17,HLA-DR.tif,"(2048, 2048)",uint16,0,109
Point17,HLA_Class_1.tif,"(2048, 2048)",uint16,0,56
Point17,IDO.tif,"(2048, 2048)",uint16,0,15
Point17,Keratin17.tif,"(2048, 2048)",uint16,0,60
Point17,Keratin6.tif,"(2048, 2048)",uint16,0,238
Point17,Ki67.tif,"(2048, 2048)",uint16,0,29
Point17,Lag3.tif,"(2048, 2048)",uint16,0,16
Point17,MPO.tif,"(2048, 2048)",uint16,0,103
Point17,Na.tif,"(2048, 2048)",uint16,0,305
Point17,OX40.tif,"(2048, 2048)",uint16,0,11
Point17,P.tif,"(2048, 2048)",uint16,0,30
Point17,p53.tif,"(2048, 2048)",uint16,0,20
Point17,Pan-Keratin.tif,"(2048, 2048)",uint16,0,43
Point17,PD-L1.tif,"(2048, 2048)",uint16,0,9
Point17,PD1.tif,"(2048, 2048)",uint16,0,14
Point17,phospho-S6.tif,"(2048, 2048)",uint16,0,34
Point17,Segmentation.tif,"(2048, 2048)",uint16,0,1
Point17,SegmentationInterior.tif,"(2048, 2048)",uint8,0,1
Point17,Si.tif,"(2048, 2048)",uint16,0,205
Point17,SMA.tif,"(2048, 2048)",uint16,0,98
Point17,Ta.tif,"(2048, 2048)",uint16,0,251
Point17,Vimentin.tif,"(2048, 2048)",uint16,0,178
Point18,Au.tif,"(2048, 2048)",uint16,0,431
Point18,B7H3.tif,"(2048, 2048)",uint16,0,13
Point18,Background.tif,"(2048, 2048)",uint16,0,18
Point18,Beta catenin.tif,"(2048, 2048)",uint16,0,16
Point18,C.tif,"(2048, 2048)",uint16,0,0
Point18,Ca.tif,"(2048, 2048)",uint16,0,436
Point18,CD11b.tif,"(2048, 2048)",uint16,0,8
Point18,CD11c.tif,"(2048, 2048)",uint16,0,18
Point18,CD138.tif,"(2048, 2048)",uint16,0,28
Point18,CD16.tif,"(2048, 2048)",uint16,0,37
Point18,CD163.tif,"(2048, 2048)",uint16,0,36
Point18,CD20.tif,"(2048, 2048)",uint16,0,31
Point18,CD209.tif,"(2048, 2048)",uint16,0,10
Point18,CD3.tif,"(2048, 2048)",uint16,0,7
Point18,CD31.tif,"(2048, 2048)",uint16,0,4
Point18,CD4.tif,"(2048, 2048)",uint16,0,6
Point18,CD45.tif,"(2048, 2048)",uint16,0,20
Point18,CD45RO.tif,"(2048, 2048)",uint16,0,14
Point18,CD56.tif,"(2048, 2048)",uint16,0,4
Point18,CD63.tif,"(2048, 2048)",uint16,0,23
Point18,CD68.tif,"(2048, 2048)",uint16,0,35
Point18,CD8.tif,"(2048, 2048)",uint16,0,14
Point18,CSF-1R.tif,"(2048, 2048)",uint16,0,16
Point18,dsDNA.tif,"(2048, 2048)",uint16,0,88
Point18,EGFR.tif,"(2048, 2048)",uint16,0,7
Point18,Fe.tif,"(2048, 2048)",uint16,0,504
Point18,FoxP3.tif,"(2048, 2048)",uint16,0,4
Point18,H3K27me3.tif,"(2048, 2048)",uint16,0,101
Point18,H3K9ac.tif,"(2048, 2048)",uint16,0,46
Point18,HLA-DR.tif,"(2048, 2048)",uint16,0,40
Point18,HLA_Class_1.tif,"(2048, 2048)",uint16,0,65
Point18,IDO.tif,"(2048, 2048)",uint16,0,7
Point18,Keratin17.tif,"(2048, 2048)",uint16,0,25
Point18,Keratin6.tif,"(2048, 2048)",uint16,0,80
Point18,Ki67.tif,"(2048, 2048)",uint16,0,19
Point18,Lag3.tif,"(2048, 2048)",uint16,0,6
Point18,MPO.tif,"(2048, 2048)",uint16,0,37
Point18,Na.tif,"(2048, 2048)",uint16,0,504
Point18,OX40.tif,"(2048, 2048)",uint16,0,21
Point18,P.tif,"(2048, 2048)",uint16,0,21
Point18,p53.tif,"(2048, 2048)",uint16,0,18
Point18,Pan-Keratin.tif,"(2048, 2048)",uint16,0,59
Point18,PD-L1.tif,"(2048, 2048)",uint16,0,7
Point18,PD1.tif,"(2048, 2048)",uint16,0,8
Point18,phospho-S6.tif,"(2048, 2048)",uint16,0,20
Point18,Segmentation.tif,"(2048, 2048)",uint16,0,1
Point18,SegmentationInterior.tif,"(2048, 2048)",uint8,0,1
Point18,Si.tif,"(2048, 2048)",uint16,0,511
Point18,SMA.tif,"(2048, 2048)",uint16,0,38
Point18,Ta.tif,"(2048, 2048)",uint16,0,382
Point18,Vimentin.tif,"(2048, 2048)",uint16,0,106
Point19,Au.tif,"(2048, 2048)",uint16,0,454
Point19,B7H3.tif,"(2048, 2048)",uint16,0,7
Point19,Background.tif,"(2048, 2048)",uint16,0,32
Point19,Beta catenin.tif,"(2048, 2048)",uint16,0,16
Point19,C.tif,"(2048, 2048)",uint16,0,0
Point19,Ca.tif,"(2048, 2048)",uint16,0,509
Point19,CD11b.tif,"(2048, 2048)",uint16,0,6
Point19,CD11c.tif,"(2048, 2048)",uint16,0,12
Point19,CD138.tif,"(2048, 2048)",uint16,0,24
Point19,CD16.tif,"(2048, 2048)",uint16,0,25
Point19,CD163.tif,"(2048, 2048)",uint16,0,8
Point19,CD20.tif,"(2048, 2048)",uint16,0,21
Point19,CD209.tif,"(2048, 2048)",uint16,0,12
Point19,CD3.tif,"(2048, 2048)",uint16,0,6
Point19,CD31.tif,"(2048, 2048)",uint16,0,6
Point19,CD4.tif,"(2048, 2048)",uint16,0,7
Point19,CD45.tif,"(2048, 2048)",uint16,0,50
Point19,CD45RO.tif,"(2048, 2048)",uint16,0,8
Point19,CD56.tif,"(2048, 2048)",uint16,0,16
Point19,CD63.tif,"(2048, 2048)",uint16,0,19
Point19,CD68.tif,"(2048, 2048)",uint16,0,79
Point19,CD8.tif,"(2048, 2048)",uint16,0,5
Point19,CSF-1R.tif,"(2048, 2048)",uint16,0,10
Point19,dsDNA.tif,"(2048, 2048)",uint16,0,112
Point19,EGFR.tif,"(2048, 2048)",uint16,0,9
Point19,Fe.tif,"(2048, 2048)",uint16,0,509
Point19,FoxP3.tif,"(2048, 2048)",uint16,0,0
Point19,H3K27me3.tif,"(2048, 2048)",uint16,0,173
Point19,H3K9ac.tif,"(2048, 2048)",uint16,0,17
Point19,HLA-DR.tif,"(2048, 2048)",uint16,0,25
Point19,HLA_Class_1.tif,"(2048, 2048)",uint16,0,106
Point19,IDO.tif,"(2048, 2048)",uint16,0,4
Point19,Keratin17.tif,"(2048, 2048)",uint16,0,13
Point19,Keratin6.tif,"(2048, 2048)",uint16,0,62
Point19,Ki67.tif,"(2048, 2048)",uint16,0,16
Point19,Lag3.tif,"(2048, 2048)",uint16,0,0
Point19,MPO.tif,"(2048, 2048)",uint16,0,17
Point19,Na.tif,"(2048, 2048)",uint16,0,572
Point19,OX40.tif,"(2048, 2048)",uint16,0,4
Point19,P.tif,"(2048, 2048)",uint16,0,93
Point19,p53.tif,"(2048, 2048)",uint16,0,26
Point19,Pan-Keratin.tif,"(2048, 2048)",uint16,0,15
Point19,PD-L1.tif,"(2048, 2048)",uint16,0,3
Point19,PD1.tif,"(2048, 2048)",uint16,0,4
Point19,phospho-S6.tif,"(2048, 2048)",uint16,0,18
Point19,Segmentation.tif,"(2048, 2048)",uint16,0,1
Point19,SegmentationInterior.tif,"(2048, 2048)",uint8,0,1
Point19,Si.tif,"(2048, 2048)",uint16,0,515
Point19,SMA.tif,"(2048, 2048)",uint16,0,47
Point19,Ta.tif,"(2048, 2048)",uint16,0,465
Point19,Vimentin.tif,"(2048, 2048)",uint16,0,99
Point2,Au.tif,"(2048, 2048)",uint16,0,300
Point2,B7H3.tif,"(2048, 2048)",uint16,0,0
Point2,Background.tif,"(2048, 2048)",uint16,0,46
Point2,Beta catenin.tif,"(2048, 2048)",uint16,0,16
Point2,C.tif,"(2048, 2048)",uint16,0,0
Point2,Ca.tif,"(2048, 2048)",uint16,0,513
Point2,CD11b.tif,"(2048, 2048)",uint16,0,20
Point2,CD11c.tif,"(2048, 2048)",uint16,0,9
Point2,CD138.tif,"(2048, 2048)",uint16,0,7
Point2,CD16.tif,"(2048, 2048)",uint16,0,38
Point2,CD163.tif,"(2048, 2048)",uint16,0,7
Point2,CD20.tif,"(2048, 2048)",uint16,0,19
Point2,CD209.tif,"(2048, 2048)",uint16,0,56
Point2,CD3.tif,"(2048, 2048)",uint16,0,6
Point2,CD31.tif,"(2048, 2048)",uint16,0,7
Point2,CD4.tif,"(2048, 2048)",uint16,0,5
Point2,CD45.tif,"(2048, 2048)",uint16,0,41
Point2,CD45RO.tif,"(2048, 2048)",uint16,0,19
Point2,CD56.tif,"(2048, 2048)",uint16,0,8
Point2,CD63.tif,"(2048, 2048)",uint16,0,13
Point2,CD68.tif,"(2048, 2048)",uint16,0,25
Point2,CD8.tif,"(2048, 2048)",uint16,0,24
Point2,CSF-1R.tif,"(2048, 2048)",uint16,0,14
Point2,dsDNA.tif,"(2048, 2048)",uint16,0,110
Point2,EGFR.tif,"(2048, 2048)",uint16,0,19
Point2,Fe.tif,"(2048, 2048)",uint16,0,463
Point2,FoxP3.tif,"(2048, 2048)",uint16,0,0
Point2,H3K27me3.tif,"(2048, 2048)",uint16,0,64
Point2,H3K9ac.tif,"(2048, 2048)",uint16,0,17
Point2,HLA-DR.tif,"(2048, 2048)",uint16,0,32
Point2,HLA_Class_1.tif,"(2048, 2048)",uint16,0,38
Point2,IDO.tif,"(2048, 2048)",uint16,0,12
Point2,Keratin17.tif,"(2048, 2048)",uint16,0,17
Point2,Keratin6.tif,"(2048, 2048)",uint16,0,93
Point2,Ki67.tif,"(2048, 2048)",uint16,0,14
Point2,Lag3.tif,"(2048, 2048)",uint16,0,5
Point2,MPO.tif,"(2048, 2048)",uint16,0,27
Point2,Na.tif,"(2048, 2048)",uint16,0,628
Point2,OX40.tif,"(2048, 2048)",uint16,0,4
Point2,P.tif,"(2048, 2048)",uint16,0,17
Point2,p53.tif,"(2048, 2048)",uint16,0,13
Point2,Pan-Keratin.tif,"(2048, 2048)",uint16,0,13
Point2,PD-L1.tif,"(2048, 2048)",uint16,0,10
Point2,PD1.tif,"(2048, 2048)",uint16,0,7
Point2,phospho-S6.tif,"(2048, 2048)",uint16,0,11
Point2,Segmentation.tif,"(2048, 2048)",uint16,0,1
Point2,SegmentationInterior.tif,"(2048, 2048)",uint8,0,1
Point2,Si.tif,"(2048, 2048)",uint16,0,512
Point2,SMA.tif,"(2048, 2048)",uint16,0,38
Point2,Ta.tif,"(2048, 2048)",uint16,0,253
Point2,Vimentin.tif,"(2048, 2048)",uint16,0,101
Point20,Au.tif,"(2048, 2048)",uint16,0,417
Point20,B7H3.tif,"(2048, 2048)",uint16,0,6
Point20,Background.tif,"(2048, 2048)",uint16,0,34
Point20,Beta catenin.tif,"(2048, 2048)",uint16,0,17
Point20,C.tif,"(2048, 2048)",uint16,0,0
Point20,Ca.tif,"(2048, 2048)",uint16,0,469
Point20,CD11b.tif,"(2048, 2048)",uint16,0,6
Point20,CD11c.tif,"(2048, 2048)",uint16,0,15
Point20,CD138.tif,"(2048, 2048)",uint16,0,8
Point20,CD16.tif,"(2048, 2048)",uint16,0,43
Point20,CD163.tif,"(2048, 2048)",uint16,0,9
Point20,CD20.tif,"(2048, 2048)",uint16,0,23
Point20,CD209.tif,"(2048, 2048)",uint16,0,10
Point20,CD3.tif,"(2048, 2048)",uint16,0,8
Point20,CD31.tif,"(2048, 2048)",uint16,0,7
Point20,CD4.tif,"(2048, 2048)",uint16,0,6
Point20,CD45.tif,"(2048, 2048)",uint16,0,21
Point20,CD45RO.tif,"(2048, 2048)",uint16,0,11
Point20,CD56.tif,"(2048, 2048)",uint16,0,0
Point20,CD63.tif,"(2048, 2048)",uint16,0,21
Point20,CD68.tif,"(2048, 2048)",uint16,0,29
Point20,CD8.tif,"(2048, 2048)",uint16,0,24
Point20,CSF-1R.tif,"(2048, 2048)",uint16,0,11
Point20,dsDNA.tif,"(2048, 2048)",uint16,0,110
Point20,EGFR.tif,"(2048, 2048)",uint16,0,9
Point20,Fe.tif,"(2048, 2048)",uint16,0,490
Point20,FoxP3.tif,"(2048, 2048)",uint16,0,9
Point20,H3K27me3.tif,"(2048, 2048)",uint16,0,84
Point20,H3K9ac.tif,"(2048, 2048)",uint16,0,29
Point20,HLA-DR.tif,"(2048, 2048)",uint16,0,60
Point20,HLA_Class_1.tif,"(2048, 2048)",uint16,0,36
Point20,IDO.tif,"(2048, 2048)",uint16,0,14
Point20,Keratin17.tif,"(2048, 2048)",uint16,0,23
Point20,Keratin6.tif,"(2048, 2048)",uint16,0,71
Point20,Ki67.tif,"(2048, 2048)",uint16,0,33
Point20,Lag3.tif,"(2048, 2048)",uint16,0,11
Point20,MPO.tif,"(2048, 2048)",uint16,0,119
Point20,Na.tif,"(2048, 2048)",uint16,0,508
Point20,OX40.tif,"(2048, 2048)",uint16,0,41
Point20,P.tif,"(2048, 2048)",uint16,0,20
Point20,p53.tif,"(2048, 2048)",uint16,0,24
Point20,Pan-Keratin.tif,"(2048, 2048)",uint16,0,20
Point20,PD-L1.tif,"(2048, 2048)",uint16,0,15
Point20,PD1.tif,"(2048, 2048)",uint16,0,9
Point20,phospho-S6.tif,"(2048, 2048)",uint16,0,14
Point20,Segmentation.tif,"(2048, 2048)",uint16,0,1
Point20,SegmentationInterior.tif,"(2048, 2048)",uint8,0,1
Point20,Si.tif,"(2048, 2048)",uint16,0,503
Point20,SMA.tif,"(2048, 2048)",uint16,0,21
Point20,Ta.tif,"(2048, 2048)",uint16,0,392
Point20,Vimentin.tif,"(2048, 2048)",uint16,0,68
Point21,Au.tif,"(2048, 2048)",uint16,0,355
Point21,B7H3.tif,"(2048, 2048)",uint16,0,0
Point21,Background.tif,"(2048, 2048)",uint16,0,29
Point21,Beta catenin.tif,"(2048, 2048)",uint16,0,12
Point21,C.tif,"(2048, 2048)",uint16,0,0
Point21,Ca.tif,"(2048, 2048)",uint16,0,335
Point21,CD11b.tif,"(2048, 2048)",uint16,0,19
Point21,CD11c.tif,"(2048, 2048)",uint16,0,10
Point21,CD138.tif,"(2048, 2048)",uint16,0,22
Point21,CD16.tif,"(2048, 2048)",uint16,0,27
Point21,CD163.tif,"(2048, 2048)",uint16,0,8
Point21,CD20.tif,"(2048, 2048)",uint16,0,10
Point21,CD209.tif,"(2048, 2048)",uint16,0,10
Point21,CD3.tif,"(2048, 2048)",uint16,0,5
Point21,CD31.tif,"(2048, 2048)",uint16,0,4
Point21,CD4.tif,"(2048, 2048)",uint16,0,6
Point21,CD45.tif,"(2048, 2048)",uint16,0,25
Point21,CD45RO.tif,"(2048, 2048)",uint16,0,28
Point21,CD56.tif,"(2048, 2048)",uint16,0,8
Point21,CD63.tif,"(2048, 2048)",uint16,0,33
Point21,CD68.tif,"(2048, 2048)",uint16,0,24
Point21,CD8.tif,"(2048, 2048)",uint16,0,10
Point21,CSF-1R.tif,"(2048, 2048)",uint16,0,14
Point21,dsDNA.tif,"(2048, 2048)",uint16,0,158
Point21,EGFR.tif,"(2048, 2048)",uint16,0,7
Point21,Fe.tif,"(2048, 2048)",uint16,0,510
Point21,FoxP3.tif,"(2048, 2048)",uint16,0,4
Point21,H3K27me3.tif,"(2048, 2048)",uint16,0,64
Point21,H3K9ac.tif,"(2048, 2048)",uint16,0,41
Point21,HLA-DR.tif,"(2048, 2048)",uint16,0,46
Point21,HLA_Class_1.tif,"(2048, 2048)",uint16,0,34
Point21,IDO.tif,"(2048, 2048)",uint16,0,7
Point21,Keratin17.tif,"(2048, 2048)",uint16,0,35
Point21,Keratin6.tif,"(2048, 2048)",uint16,0,97
Point21,Ki67.tif,"(2048, 2048)",uint16,0,13
Point21,Lag3.tif,"(2048, 2048)",uint16,0,3
Point21,MPO.tif,"(2048, 2048)",uint16,0,82
Point21,Na.tif,"(2048, 2048)",uint16,0,446
Point21,OX40.tif,"(2048, 2048)",uint16,0,4
Point21,P.tif,"(2048, 2048)",uint16,0,45
Point21,p53.tif,"(2048, 2048)",uint16,0,18
Point21,Pan-Keratin.tif,"(2048, 2048)",uint16,0,55
Point21,PD-L1.tif,"(2048, 2048)",uint16,0,5
Point21,PD1.tif,"(2048, 2048)",uint16,0,5
Point21,phospho-S6.tif,"(2048, 2048)",uint16,0,28
Point21,Segmentation.tif,"(2048, 2048)",uint16,0,1
Point21,SegmentationInterior.tif,"(2048, 2048)",uint8,0,1
Point21,Si.tif,"(2048, 2048)",uint16,0,504
Point21,SMA.tif,"(2048, 2048)",uint16,0,136
Point21,Ta.tif,"(2048, 2048)",uint16,0,330
Point21,Vimentin.tif,"(2048, 2048)",uint16,0,100
Point22,Au.tif,"(2048, 2048)",uint16,0,436
Point22,B7H3.tif,"(2048, 2048)",uint16,0,0
Point22,Background.tif,"(2048, 2048)",uint16,0,44
Point22,Beta catenin.tif,"(2048, 2048)",uint16,0,13
Point22,C.tif,"(2048, 2048)",uint16,0,0
Point22,Ca.tif,"(2048, 2048)",uint16,0,505
Point22,CD11b.tif,"(2048, 2048)",uint16,0,9
Point22,CD11c.tif,"(2048, 2048)",uint16,0,23
Point22,CD138.tif,"(2048, 2048)",uint16,0,19
Point22,CD16.tif,"(2048, 2048)",uint16,0,21
Point22,CD163.tif,"(2048, 2048)",uint16,0,8
Point22,CD20.tif,"(2048, 2048)",uint16,0,6
Point22,CD209.tif,"(2048, 2048)",uint16,0,13
Point22,CD3.tif,"(2048, 2048)",uint16,0,5
Point22,CD31.tif,"(2048, 2048)",uint16,0,4
Point22,CD4.tif,"(2048, 2048)",uint16,0,6
Point22,CD45.tif,"(2048, 2048)",uint16,0,20
Point22,CD45RO.tif,"(2048, 2048)",uint16,0,15
Point22,CD56.tif,"(2048, 2048)",uint16,0,0
Point22,CD63.tif,"(2048, 2048)",uint16,0,175
Point22,CD68.tif,"(2048, 2048)",uint16,0,35
Point22,CD8.tif,"(2048, 2048)",uint16,0,10
Point22,CSF-1R.tif,"(2048, 2048)",uint16,0,10
Point22,dsDNA.tif,"(2048, 2048)",uint16,0,166
Point22,EGFR.tif,"(2048, 2048)",uint16,0,10
Point22,Fe.tif,"(2048, 2048)",uint16,0,505
Point22,FoxP3.tif,"(2048, 2048)",uint16,0,9
Point22,H3K27me3.tif,"(2048, 2048)",uint16,0,132
Point22,H3K9ac.tif,"(2048, 2048)",uint16,0,42
Point22,HLA-DR.tif,"(2048, 2048)",uint16,0,29
Point22,HLA_Class_1.tif,"(2048, 2048)",uint16,0,40
Point22,IDO.tif,"(2048, 2048)",uint16,0,4
Point22,Keratin17.tif,"(2048, 2048)",uint16,0,19
Point22,Keratin6.tif,"(2048, 2048)",uint16,0,51
Point22,Ki67.tif,"(2048, 2048)",uint16,0,19
Point22,Lag3.tif,"(2048, 2048)",uint16,0,0
Point22,MPO.tif,"(2048, 2048)",uint16,0,18
Point22,Na.tif,"(2048, 2048)",uint16,0,572
Point22,OX40.tif,"(2048, 2048)",uint16,0,0
Point22,P.tif,"(2048, 2048)",uint16,0,62
Point22,p53.tif,"(2048, 2048)",uint16,0,24
Point22,Pan-Keratin.tif,"(2048, 2048)",uint16,0,40
Point22,PD-L1.tif,"(2048, 2048)",uint16,0,9
Point22,PD1.tif,"(2048, 2048)",uint16,0,15
Point22,phospho-S6.tif,"(2048, 2048)",uint16,0,13
Point22,Segmentation.tif,"(2048, 2048)",uint16,0,1
Point22,SegmentationInterior.tif,"(2048, 2048)",uint8,0,1
Point22,Si.tif,"(2048, 2048)",uint16,0,516
Point22,SMA.tif,"(2048, 2048)",uint16,0,45
Point22,Ta.tif,"(2048, 2048)",uint16,0,393
Point22,Vimentin.tif,"(2048, 2048)",uint16,0,41
Point23,Au.tif,"(2048, 2048)",uint16,0,422
Point23,B7H3.tif,"(2048, 2048)",uint16,0,0
Point23,Background.tif,"(2048, 2048)",uint16,0,24
Point23,Beta catenin.tif,"(2048, 2048)",uint16,0,15
Point23,C.tif,"(2048, 2048)",uint16,0,0
Point23,Ca.tif,"(2048, 2048)",uint16,0,506
Point23,CD11b.tif,"(2048, 2048)",uint16,0,7
Point23,CD11c.tif,"(2048, 2048)",uint16,0,27
Point23,CD138.tif,"(2048, 2048)",uint16,0,59
Point23,CD16.tif,"(2048, 2048)",uint16,0,20
Point23,CD163.tif,"(2048, 2048)",uint16,0,4
Point23,CD20.tif,"(2048, 2048)",uint16,0,25
Point23,CD209.tif,"(2048, 2048)",uint16,0,5
Point23,CD3.tif,"(2048, 2048)",uint16,0,8
Point23,CD31.tif,"(2048, 2048)",uint16,0,9
Point23,CD4.tif,"(2048, 2048)",uint16,0,5
Point23,CD45.tif,"(2048, 2048)",uint16,0,31
Point23,CD45RO.tif,"(2048, 2048)",uint16,0,14
Point23,CD56.tif,"(2048, 2048)",uint16,0,10
Point23,CD63.tif,"(2048, 2048)",uint16,0,12
Point23,CD68.tif,"(2048, 2048)",uint16,0,43
Point23,CD8.tif,"(2048, 2048)",uint16,0,19
Point23,CSF-1R.tif,"(2048, 2048)",uint16,0,11
Point23,dsDNA.tif,"(2048, 2048)",uint16,0,64
Point23,EGFR.tif,"(2048, 2048)",uint16,0,8
Point23,Fe.tif,"(2048, 2048)",uint16,0,506
Point23,FoxP3.tif,"(2048, 2048)",uint16,0,4
Point23,H3K27me3.tif,"(2048, 2048)",uint16,0,101
Point23,H3K9ac.tif,"(2048, 2048)",uint16,0,23
Point23,HLA-DR.tif,"(2048, 2048)",uint16,0,70
Point23,HLA_Class_1.tif,"(2048, 2048)",uint16,0,35
Point23,IDO.tif,"(2048, 2048)",uint16,0,8
Point23,Keratin17.tif,"(2048, 2048)",uint16,0,22
Point23,Keratin6.tif,"(2048, 2048)",uint16,0,78
Point23,Ki67.tif,"(2048, 2048)",uint16,0,19
Point23,Lag3.tif,"(2048, 2048)",uint16,0,13
Point23,MPO.tif,"(2048, 2048)",uint16,0,21
Point23,Na.tif,"(2048, 2048)",uint16,0,533
Point23,OX40.tif,"(2048, 2048)",uint16,0,7
Point23,P.tif,"(2048, 2048)",uint16,0,19
Point23,p53.tif,"(2048, 2048)",uint16,0,14
Point23,Pan-Keratin.tif,"(2048, 2048)",uint16,0,60
Point23,PD-L1.tif,"(2048, 2048)",uint16,0,7
Point23,PD1.tif,"(2048, 2048)",uint16,0,5
Point23,phospho-S6.tif,"(2048, 2048)",uint16,0,22
Point23,Segmentation.tif,"(2048, 2048)",uint16,0,1
Point23,SegmentationInterior.tif,"(2048, 2048)",uint8,0,1
Point23,Si.tif,"(2048, 2048)",uint16,0,510
Point23,SMA.tif,"(2048, 2048)",uint16,0,61
Point23,Ta.tif,"(2048, 2048)",uint16,0,402
Point23,Vimentin.tif,"(2048, 2048)",uint16,0,175
Point24,Au.tif,"(2048, 2048)",uint16,0,396
Point24,B7H3.tif,"(2048, 2048)",uint16,0,4
Point24,Background.tif,"(2048, 2048)",uint16,0,56
Point24,Beta catenin.tif,"(2048, 2048)",uint16,0,22
Point24,C.tif,"(2048, 2048)",uint16,0,0
Point24,Ca.tif,"(2048, 2048)",uint16,0,505
Point24,CD11b.tif,"(2048, 2048)",uint16,0,12
Point24,CD11c.tif,"(2048, 2048)",uint16,0,11
Point24,CD138.tif,"(2048, 2048)",uint16,0,27
Point24,CD16.tif,"(2048, 2048)",uint16,0,41
Point24,CD163.tif,"(2048, 2048)",uint16,0,18
Point24,CD20.tif,"(2048, 2048)",uint16,0,45
Point24,CD209.tif,"(2048, 2048)",uint16,0,7
Point24,CD3.tif,"(2048, 2048)",uint16,0,5
Point24,CD31.tif,"(2048, 2048)",uint16,0,5
Point24,CD4.tif,"(2048, 2048)",uint16,0,6
Point24,CD45.tif,"(2048, 2048)",uint16,0,22
Point24,CD45RO.tif,"(2048, 2048)",uint16,0,8
Point24,CD56.tif,"(2048, 2048)",uint16,0,0
Point24,CD63.tif,"(2048, 2048)",uint16,0,20
Point24,CD68.tif,"(2048, 2048)",uint16,0,19
Point24,CD8.tif,"(2048, 2048)",uint16,0,13
Point24,CSF-1R.tif,"(2048, 2048)",uint16,0,10
Point24,dsDNA.tif,"(2048, 2048)",uint16,0,101
Point24,EGFR.tif,"(2048, 2048)",uint16,0,6
Point24,Fe.tif,"(2048, 2048)",uint16,0,503
Point24,FoxP3.tif,"(2048, 2048)",uint16,0,14
Point24,H3K27me3.tif,"(2048, 2048)",uint16,0,152
Point24,H3K9ac.tif,"(2048, 2048)",uint16,0,34
Point24,HLA-DR.tif,"(2048, 2048)",uint16,0,32
Point24,HLA_Class_1.tif,"(2048, 2048)",uint16,0,29
Point24,IDO.tif,"(2048, 2048)",uint16,0,6
Point24,Keratin17.tif,"(2048, 2048)",uint16,0,63
Point24,Keratin6.tif,"(2048, 2048)",uint16,0,132
Point24,Ki67.tif,"(2048, 2048)",uint16,0,27
Point24,Lag3.tif,"(2048, 2048)",uint16,0,4
Point24,MPO.tif,"(2048, 2048)",uint16,0,73
Point24,Na.tif,"(2048, 2048)",uint16,0,580
Point24,OX40.tif,"(2048, 2048)",uint16,0,14
Point24,P.tif,"(2048, 2048)",uint16,0,118
Point24,p53.tif,"(2048, 2048)",uint16,0,23
Point24,Pan-Keratin.tif,"(2048, 2048)",uint16,0,70
Point24,PD-L1.tif,"(2048, 2048)",uint16,0,3
Point24,PD1.tif,"(2048, 2048)",uint16,0,10
Point24,phospho-S6.tif,"(2048, 2048)",uint16,0,27
Point24,Segmentation.tif,"(2048, 2048)",uint16,0,1
Point24,SegmentationInterior.tif,"(2048, 2048)",uint8,0,1
Point24,Si.tif,"(2048, 2048)",uint16,0,515
Point24,SMA.tif,"(2048, 2048)",uint16,0,41
Point24,Ta.tif,"(2048, 2048)",uint16,0,383
Point24,Vimentin.tif,"(2048, 2048)",uint16,0,213
Point25,Au.tif,"(2048, 2048)",uint16,0,479
Point25,B7H3.tif,"(2048, 2048)",uint16,0,7
Point25,Background.tif,"(2048, 2048)",uint16,0,12
Point25,Beta catenin.tif,"(2048, 2048)",uint16,0,20
Point25,C.tif,"(2048, 2048)",uint16,0,0
Point25,Ca.tif,"(2048, 2048)",uint16,0,483
Point25,CD11b.tif,"(2048, 2048)",uint16,0,8
Point25,CD11c.tif,"(2048, 2048)",uint16,0,13
Point25,CD138.tif,"(2048, 2048)",uint16,0,20
Point25,CD16.tif,"(2048, 2048)",uint16,0,31
Point25,CD163.tif,"(2048, 2048)",uint16,0,0
Point25,CD20.tif,"(2048, 2048)",uint16,0,0
Point25,CD209.tif,"(2048, 2048)",uint16,0,4
Point25,CD3.tif,"(2048, 2048)",uint16,0,5
Point25,CD31.tif,"(2048, 2048)",uint16,0,5
Point25,CD4.tif,"(2048, 2048)",uint16,0,6
Point25,CD45.tif,"(2048, 2048)",uint16,0,27
Point25,CD45RO.tif,"(2048, 2048)",uint16,0,9
Point25,CD56.tif,"(2048, 2048)",uint16,0,5
Point25,CD63.tif,"(2048, 2048)",uint16,0,20
Point25,CD68.tif,"(2048, 2048)",uint16,0,17
Point25,CD8.tif,"(2048, 2048)",uint16,0,15
Point25,CSF-1R.tif,"(2048, 2048)",uint16,0,10
Point25,dsDNA.tif,"(2048, 2048)",uint16,0,122
Point25,EGFR.tif,"(2048, 2048)",uint16,0,13
Point25,Fe.tif,"(2048, 2048)",uint16,0,507
Point25,FoxP3.tif,"(2048, 2048)",uint16,0,4
Point25,H3K27me3.tif,"(2048, 2048)",uint16,0,87
Point25,H3K9ac.tif,"(2048, 2048)",uint16,0,26
Point25,HLA-DR.tif,"(2048, 2048)",uint16,0,74
Point25,HLA_Class_1.tif,"(2048, 2048)",uint16,0,29
Point25,IDO.tif,"(2048, 2048)",uint16,0,6
Point25,Keratin17.tif,"(2048, 2048)",uint16,0,80
Point25,Keratin6.tif,"(2048, 2048)",uint16,0,89
Point25,Ki67.tif,"(2048, 2048)",uint16,0,10
Point25,Lag3.tif,"(2048, 2048)",uint16,0,5
Point25,MPO.tif,"(2048, 2048)",uint16,0,41
Point25,Na.tif,"(2048, 2048)",uint16,0,522
Point25,OX40.tif,"(2048, 2048)",uint16,0,13
Point25,P.tif,"(2048, 2048)",uint16,0,51
Point25,p53.tif,"(2048, 2048)",uint16,0,18
Point25,Pan-Keratin.tif,"(2048, 2048)",uint16,0,34
Point25,PD-L1.tif,"(2048, 2048)",uint16,0,5
Point25,PD1.tif,"(2048, 2048)",uint16,0,9
Point25,phospho-S6.tif,"(2048, 2048)",uint16,0,18
Point25,Segmentation.tif,"(2048, 2048)",uint16,0,1
Point25,SegmentationInterior.tif,"(2048, 2048)",uint8,0,1
Point25,Si.tif,"(2048, 2048)",uint16,0,512
Point25,SMA.tif,"(2048, 2048)",uint16,0,37
Point25,Ta.tif,"(2048, 2048)",uint16,0,425
Point25,Vimentin.tif,"(2048, 2048)",uint16,0,143
Point26,Au.tif,"(2048, 2048)",uint16,0,451
Point26,B7H3.tif,"(2048, 2048)",uint16,0,27
Point26,Background.tif,"(2048, 2048)",uint16,0,40
Point26,Beta catenin.tif,"(2048, 2048)",uint16,0,15
Point26,C.tif,"(2048, 2048)",uint16,0,0
Point26,Ca.tif,"(2048, 2048)",uint16,0,492
Point26,CD11b.tif,"(2048, 2048)",uint16,0,7
Point26,CD11c.tif,"(2048, 2048)",uint16,0,13
Point26,CD138.tif,"(2048, 2048)",uint16,0,21
Point26,CD16.tif,"(2048, 2048)",uint16,0,16
Point26,CD163.tif,"(2048, 2048)",uint16,0,0
Point26,CD20.tif,"(2048, 2048)",uint16,0,0
Point26,CD209.tif,"(2048, 2048)",uint16,0,3
Point26,CD3.tif,"(2048, 2048)",uint16,0,4
Point26,CD31.tif,"(2048, 2048)",uint16,0,5
Point26,CD4.tif,"(2048, 2048)",uint16,0,5
Point26,CD45.tif,"(2048, 2048)",uint16,0,14
Point26,CD45RO.tif,"(2048, 2048)",uint16,0,17
Point26,CD56.tif,"(2048, 2048)",uint16,0,0
Point26,CD63.tif,"(2048, 2048)",uint16,0,18
Point26,CD68.tif,"(2048, 2048)",uint16,0,30
Point26,CD8.tif,"(2048, 2048)",uint16,0,4
Point26,CSF-1R.tif,"(2048, 2048)",uint16,0,10
Point26,dsDNA.tif,"(2048, 2048)",uint16,0,134
Point26,EGFR.tif,"(2048, 2048)",uint16,0,4
Point26,Fe.tif,"(2048, 2048)",uint16,0,497
Point26,FoxP3.tif,"(2048, 2048)",uint16,0,0
Point26,H3K27me3.tif,"(2048, 2048)",uint16,0,204
Point26,H3K9ac.tif,"(2048, 2048)",uint16,0,32
Point26,HLA-DR.tif,"(2048, 2048)",uint16,0,27
Point26,HLA_Class_1.tif,"(2048, 2048)",uint16,0,22
Point26,IDO.tif,"(2048, 2048)",uint16,0,0
Point26,Keratin17.tif,"(2048, 2048)",uint16,0,8
Point26,Keratin6.tif,"(2048, 2048)",uint16,0,44
Point26,Ki67.tif,"(2048, 2048)",uint16,0,13
Point26,Lag3.tif,"(2048, 2048)",uint16,0,0
Point26,MPO.tif,"(2048, 2048)",uint16,0,67
Point26,Na.tif,"(2048, 2048)",uint16,0,530
Point26,OX40.tif,"(2048, 2048)",uint16,0,0
Point26,P.tif,"(2048, 2048)",uint16,0,112
Point26,p53.tif,"(2048, 2048)",uint16,0,24
Point26,Pan-Keratin.tif,"(2048, 2048)",uint16,0,58
Point26,PD-L1.tif,"(2048, 2048)",uint16,0,5
Point26,PD1.tif,"(2048, 2048)",uint16,0,5
Point26,phospho-S6.tif,"(2048, 2048)",uint16,0,17
Point26,Segmentation.tif,"(2048, 2048)",uint16,0,1
Point26,SegmentationInterior.tif,"(2048, 2048)",uint8,0,1
Point26,Si.tif,"(2048, 2048)",uint16,0,514
Point26,SMA.tif,"(2048, 2048)",uint16,0,58
Point26,Ta.tif,"(2048, 2048)",uint16,0,426
Point26,Vimentin.tif,"(2048, 2048)",uint16,0,72
Point27,Au.tif,"(2048, 2048)",uint16,0,414
Point27,B7H3.tif,"(2048, 2048)",uint16,0,6
Point27,Background.tif,"(2048, 2048)",uint16,0,23
Point27,Beta catenin.tif,"(2048, 2048)",uint16,0,15
Point27,C.tif,"(2048, 2048)",uint16,0,0
Point27,Ca.tif,"(2048, 2048)",uint16,0,479
Point27,CD11b.tif,"(2048, 2048)",uint16,0,6
Point27,CD11c.tif,"(2048, 2048)",uint16,0,28
Point27,CD138.tif,"(2048, 2048)",uint16,0,37
Point27,CD16.tif,"(2048, 2048)",uint16,0,27
Point27,CD163.tif,"(2048, 2048)",uint16,0,15
Point27,CD20.tif,"(2048, 2048)",uint16,0,8
Point27,CD209.tif,"(2048, 2048)",uint16,0,10
Point27,CD3.tif,"(2048, 2048)",uint16,0,8
Point27,CD31.tif,"(2048, 2048)",uint16,0,9
Point27,CD4.tif,"(2048, 2048)",uint16,0,6
Point27,CD45.tif,"(2048, 2048)",uint16,0,31
Point27,CD45RO.tif,"(2048, 2048)",uint16,0,15
Point27,CD56.tif,"(2048, 2048)",uint16,0,8
Point27,CD63.tif,"(2048, 2048)",uint16,0,46
Point27,CD68.tif,"(2048, 2048)",uint16,0,19
Point27,CD8.tif,"(2048, 2048)",uint16,0,23
Point27,CSF-1R.tif,"(2048, 2048)",uint16,0,15
Point27,dsDNA.tif,"(2048, 2048)",uint16,0,128
Point27,EGFR.tif,"(2048, 2048)",uint16,0,8
Point27,Fe.tif,"(2048, 2048)",uint16,0,507
Point27,FoxP3.tif,"(2048, 2048)",uint16,0,3
Point27,H3K27me3.tif,"(2048, 2048)",uint16,0,91
Point27,H3K9ac.tif,"(2048, 2048)",uint16,0,30
Point27,HLA-DR.tif,"(2048, 2048)",uint16,0,55
Point27,HLA_Class_1.tif,"(2048, 2048)",uint16,0,74
Point27,IDO.tif,"(2048, 2048)",uint16,0,11
Point27,Keratin17.tif,"(2048, 2048)",uint16,0,9
Point27,Keratin6.tif,"(2048, 2048)",uint16,0,103
Point27,Ki67.tif,"(2048, 2048)",uint16,0,26
Point27,Lag3.tif,"(2048, 2048)",uint16,0,4
Point27,MPO.tif,"(2048, 2048)",uint16,0,32
Point27,Na.tif,"(2048, 2048)",uint16,0,536
Point27,OX40.tif,"(2048, 2048)",uint16,0,8
Point27,P.tif,"(2048, 2048)",uint16,0,21
Point27,p53.tif,"(2048, 2048)",uint16,0,24
Point27,Pan-Keratin.tif,"(2048, 2048)",uint16,0,55
Point27,PD-L1.tif,"(2048, 2048)",uint16,0,8
Point27,PD1.tif,"(2048, 2048)",uint16,0,8
Point27,phospho-S6.tif,"(2048, 2048)",uint16,0,20
Point27,Segmentation.tif,"(2048, 2048)",uint16,0,1
Point27,SegmentationInterior.tif,"(2048, 2048)",uint8,0,1
Point27,Si.tif,"(2048, 2048)",uint16,0,510
Point27,SMA.tif,"(2048, 2048)",uint16,0,86
Point27,Ta.tif,"(2048, 2048)",uint16,0,393
Point27,Vimentin.tif,"(2048, 2048)",uint16,0,115
Point28,Au.tif,"(2048, 2048)",uint16,0,460
Point28,B7H3.tif,"(2048, 2048)",uint16,0,34
Point28,Background.tif,"(2048, 2048)",uint16,0,46
Point28,Beta catenin.tif,"(2048, 2048)",uint16,0,21
Point28,C.tif,"(2048, 2048)",uint16,0,0
Point28,Ca.tif,"(2048, 2048)",uint16,0,509
Point28,CD11b.tif,"(2048, 2048)",uint16,0,10
Point28,CD11c.tif,"(2048, 2048)",uint16,0,42
Point28,CD138.tif,"(2048, 2048)",uint16,0,25
Point28,CD16.tif,"(2048, 2048)",uint16,0,28
Point28,CD163.tif,"(2048, 2048)",uint16,0,22
Point28,CD20.tif,"(2048, 2048)",uint16,0,72
Point28,CD209.tif,"(2048, 2048)",uint16,0,23
Point28,CD3.tif,"(2048, 2048)",uint16,0,12
Point28,CD31.tif,"(2048, 2048)",uint16,0,9
Point28,CD4.tif,"(2048, 2048)",uint16,0,14
Point28,CD45.tif,"(2048, 2048)",uint16,0,46
Point28,CD45RO.tif,"(2048, 2048)",uint16,0,22
Point28,CD56.tif,"(2048, 2048)",uint16,0,10
Point28,CD63.tif,"(2048, 2048)",uint16,0,51
Point28,CD68.tif,"(2048, 2048)",uint16,0,103
Point28,CD8.tif,"(2048, 2048)",uint16,0,21
Point28,CSF-1R.tif,"(2048, 2048)",uint16,0,19
Point28,dsDNA.tif,"(2048, 2048)",uint16,0,175
Point28,EGFR.tif,"(2048, 2048)",uint16,0,23
Point28,Fe.tif,"(2048, 2048)",uint16,0,496
Point28,FoxP3.tif,"(2048, 2048)",uint16,0,7
Point28,H3K27me3.tif,"(2048, 2048)",uint16,0,118
Point28,H3K9ac.tif,"(2048, 2048)",uint16,0,39
Point28,HLA-DR.tif,"(2048, 2048)",uint16,0,65
Point28,HLA_Class_1.tif,"(2048, 2048)",uint16,0,63
Point28,IDO.tif,"(2048, 2048)",uint16,0,22
Point28,Keratin17.tif,"(2048, 2048)",uint16,0,34
Point28,Keratin6.tif,"(2048, 2048)",uint16,0,61
Point28,Ki67.tif,"(2048, 2048)",uint16,0,14
Point28,Lag3.tif,"(2048, 2048)",uint16,0,7
Point28,MPO.tif,"(2048, 2048)",uint16,0,91
Point28,Na.tif,"(2048, 2048)",uint16,0,555
Point28,OX40.tif,"(2048, 2048)",uint16,0,9
Point28,P.tif,"(2048, 2048)",uint16,0,68
Point28,p53.tif,"(2048, 2048)",uint16,0,21
Point28,Pan-Keratin.tif,"(2048, 2048)",uint16,0,59
Point28,PD-L1.tif,"(2048, 2048)",uint16,0,6
Point28,PD1.tif,"(2048, 2048)",uint16,0,23
Point28,phospho-S6.tif,"(2048, 2048)",uint16,0,41
Point28,Segmentation.tif,"(2048, 2048)",uint16,0,1
Point28,SegmentationInterior.tif,"(2048, 2048)",uint8,0,1
Point28,Si.tif,"(2048, 2048)",uint16,0,517
Point28,SMA.tif,"(2048, 2048)",uint16,0,137
Point28,Ta.tif,"(2048, 2048)",uint16,0,423
Point28,Vimentin.tif,"(2048, 2048)",uint16,0,162
Point29,Au.tif,"(2048, 2048)",uint16,0,387
Point29,B7H3.tif,"(2048, 2048)",uint16,0,0
Point29,Background.tif,"(2048, 2048)",uint16,0,11
Point29,Beta catenin.tif,"(2048, 2048)",uint16,0,26
Point29,C.tif,"(2048, 2048)",uint16,0,0
Point29,Ca.tif,"(2048, 2048)",uint16,0,318
Point29,CD11b.tif,"(2048, 2048)",uint16,0,9
Point29,CD11c.tif,"(2048, 2048)",uint16,0,18
Point29,CD138.tif,"(2048, 2048)",uint16,0,40
Point29,CD16.tif,"(2048, 2048)",uint16,0,37
Point29,CD163.tif,"(2048, 2048)",uint16,0,9
Point29,CD20.tif,"(2048, 2048)",uint16,0,26
Point29,CD209.tif,"(2048, 2048)",uint16,0,6
Point29,CD3.tif,"(2048, 2048)",uint16,0,10
Point29,CD31.tif,"(2048, 2048)",uint16,0,5
Point29,CD4.tif,"(2048, 2048)",uint16,0,8
Point29,CD45.tif,"(2048, 2048)",uint16,0,30
Point29,CD45RO.tif,"(2048, 2048)",uint16,0,13
Point29,CD56.tif,"(2048, 2048)",uint16,0,5
Point29,CD63.tif,"(2048, 2048)",uint16,0,33
Point29,CD68.tif,"(2048, 2048)",uint16,0,74
Point29,CD8.tif,"(2048, 2048)",uint16,0,36
Point29,CSF-1R.tif,"(2048, 2048)",uint16,0,8
Point29,dsDNA.tif,"(2048, 2048)",uint16,0,102
Point29,EGFR.tif,"(2048, 2048)",uint16,0,9
Point29,Fe.tif,"(2048, 2048)",uint16,0,506
Point29,FoxP3.tif,"(2048, 2048)",uint16,0,6
Point29,H3K27me3.tif,"(2048, 2048)",uint16,0,152
Point29,H3K9ac.tif,"(2048, 2048)",uint16,0,42
Point29,HLA-DR.tif,"(2048, 2048)",uint16,0,51
Point29,HLA_Class_1.tif,"(2048, 2048)",uint16,0,66
Point29,IDO.tif,"(2048, 2048)",uint16,0,14
Point29,Keratin17.tif,"(2048, 2048)",uint16,0,39
Point29,Keratin6.tif,"(2048, 2048)",uint16,0,53
Point29,Ki67.tif,"(2048, 2048)",uint16,0,31
Point29,Lag3.tif,"(2048, 2048)",uint16,0,13
Point29,MPO.tif,"(2048, 2048)",uint16,0,53
Point29,Na.tif,"(2048, 2048)",uint16,0,496
Point29,OX40.tif,"(2048, 2048)",uint16,0,8
Point29,P.tif,"(2048, 2048)",uint16,0,22
Point29,p53.tif,"(2048, 2048)",uint16,0,25
Point29,Pan-Keratin.tif,"(2048, 2048)",uint16,0,54
Point29,PD-L1.tif,"(2048, 2048)",uint16,0,7
Point29,PD1.tif,"(2048, 2048)",uint16,0,9
Point29,phospho-S6.tif,"(2048, 2048)",uint16,0,49
Point29,Segmentation.tif,"(2048, 2048)",uint16,0,1
Point29,SegmentationInterior.tif,"(2048, 2048)",uint8,0,1
Point29,Si.tif,"(2048, 2048)",uint16,0,506
Point29,SMA.tif,"(2048, 2048)",uint16,0,100
Point29,Ta.tif,"(2048, 2048)",uint16,0,356
Point29,Vimentin.tif,"(2048, 2048)",uint16,0,222
Point3,Au.tif,"(2048, 2048)",uint16,0,201
Point3,B7H3.tif,"(2048, 2048)",uint16,0,0
Point3,Background.tif,"(2048, 2048)",uint16,0,32
Point3,Beta catenin.tif,"(2048, 2048)",uint16,0,15
Point3,C.tif,"(2048, 2048)",uint16,0,0
Point3,Ca.tif,"(2048, 2048)",uint16,0,517
Point3,CD11b.tif,"(2048, 2048)",uint16,0,37
Point3,CD11c.tif,"(2048, 2048)",uint16,0,14
Point3,CD138.tif,"(2048, 2048)",uint16,0,25
Point3,CD16.tif,"(2048, 2048)",uint16,0,14
Point3,CD163.tif,"(2048, 2048)",uint16,0,34
Point3,CD20.tif,"(2048, 2048)",uint16,0,50
Point3,CD209.tif,"(2048, 2048)",uint16,0,73
Point3,CD3.tif,"(2048, 2048)",uint16,0,15
Point3,CD31.tif,"(2048, 2048)",uint16,0,6
Point3,CD4.tif,"(2048, 2048)",uint16,0,8
Point3,CD45.tif,"(2048, 2048)",uint16,0,30
Point3,CD45RO.tif,"(2048, 2048)",uint16,0,12
Point3,CD56.tif,"(2048, 2048)",uint16,0,8
Point3,CD63.tif,"(2048, 2048)",uint16,0,41
Point3,CD68.tif,"(2048, 2048)",uint16,0,33
Point3,CD8.tif,"(2048, 2048)",uint16,0,16
Point3,CSF-1R.tif,"(2048, 2048)",uint16,0,12
Point3,dsDNA.tif,"(2048, 2048)",uint16,0,100
Point3,EGFR.tif,"(2048, 2048)",uint16,0,4
Point3,Fe.tif,"(2048, 2048)",uint16,0,483
Point3,FoxP3.tif,"(2048, 2048)",uint16,0,4
Point3,H3K27me3.tif,"(2048, 2048)",uint16,0,73
Point3,H3K9ac.tif,"(2048, 2048)",uint16,0,34
Point3,HLA-DR.tif,"(2048, 2048)",uint16,0,39
Point3,HLA_Class_1.tif,"(2048, 2048)",uint16,0,33
Point3,IDO.tif,"(2048, 2048)",uint16,0,10
Point3,Keratin17.tif,"(2048, 2048)",uint16,0,9
Point3,Keratin6.tif,"(2048, 2048)",uint16,0,27
Point3,Ki67.tif,"(2048, 2048)",uint16,0,10
Point3,Lag3.tif,"(2048, 2048)",uint16,0,14
Point3,MPO.tif,"(2048, 2048)",uint16,0,42
Point3,Na.tif,"(2048, 2048)",uint16,0,610
Point3,OX40.tif,"(2048, 2048)",uint16,0,6
Point3,P.tif,"(2048, 2048)",uint16,0,22
Point3,p53.tif,"(2048, 2048)",uint16,0,8
Point3,Pan-Keratin.tif,"(2048, 2048)",uint16,0,37
Point3,PD-L1.tif,"(2048, 2048)",uint16,0,5
Point3,PD1.tif,"(2048, 2048)",uint16,0,8
Point3,phospho-S6.tif,"(2048, 2048)",uint16,0,27
Point3,Segmentation.tif,"(2048, 2048)",uint16,0,1
Point3,SegmentationInterior.tif,"(2048, 2048)",uint8,0,1
Point3,Si.tif,"(2048, 2048)",uint16,0,511
Point3,SMA.tif,"(2048, 2048)",uint16,0,89
Point3,Ta.tif,"(2048, 2048)",uint16,0,180
Point3,Vimentin.tif,"(2048, 2048)",uint16,0,116
Point30,Au.tif,"(2048, 2048)",uint16,0,417
Point30,B7H3.tif,"(2048, 2048)",uint16,0,0
Point30,Background.tif,"(2048, 2048)",uint16,0,47
Point30,Beta catenin.tif,"(2048, 2048)",uint16,0,21
Point30,C.tif,"(2048, 2048)",uint16,0,0
Point30,Ca.tif,"(2048, 2048)",uint16,0,512
Point30,CD11b.tif,"(2048, 2048)",uint16,0,11
Point30,CD11c.tif,"(2048, 2048)",uint16,0,39
Point30,CD138.tif,"(2048, 2048)",uint16,0,14
Point30,CD16.tif,"(2048, 2048)",uint16,0,11
Point30,CD163.tif,"(2048, 2048)",uint16,0,13
Point30,CD20.tif,"(2048, 2048)",uint16,0,56
Point30,CD209.tif,"(2048, 2048)",uint16,0,7
Point30,CD3.tif,"(2048, 2048)",uint16,0,12
Point30,CD31.tif,"(2048, 2048)",uint16,0,10
Point30,CD4.tif,"(2048, 2048)",uint16,0,12
Point30,CD45.tif,"(2048, 2048)",uint16,0,63
Point30,CD45RO.tif,"(2048, 2048)",uint16,0,29
Point30,CD56.tif,"(2048, 2048)",uint16,0,8
Point30,CD63.tif,"(2048, 2048)",uint16,0,39
Point30,CD68.tif,"(2048, 2048)",uint16,0,56
Point30,CD8.tif,"(2048, 2048)",uint16,0,18
Point30,CSF-1R.tif,"(2048, 2048)",uint16,0,34
Point30,dsDNA.tif,"(2048, 2048)",uint16,0,139
Point30,EGFR.tif,"(2048, 2048)",uint16,0,13
Point30,Fe.tif,"(2048, 2048)",uint16,0,460
Point30,FoxP3.tif,"(2048, 2048)",uint16,0,7
Point30,H3K27me3.tif,"(2048, 2048)",uint16,0,116
Point30,H3K9ac.tif,"(2048, 2048)",uint16,0,39
Point30,HLA-DR.tif,"(2048, 2048)",uint16,0,132
Point30,HLA_Class_1.tif,"(2048, 2048)",uint16,0,46
Point30,IDO.tif,"(2048, 2048)",uint16,0,18
Point30,Keratin17.tif,"(2048, 2048)",uint16,0,11
Point30,Keratin6.tif,"(2048, 2048)",uint16,0,31
Point30,Ki67.tif,"(2048, 2048)",uint16,0,18
Point30,Lag3.tif,"(2048, 2048)",uint16,0,16
Point30,MPO.tif,"(2048, 2048)",uint16,0,177
Point30,Na.tif,"(2048, 2048)",uint16,0,681
Point30,OX40.tif,"(2048, 2048)",uint16,0,12
Point30,P.tif,"(2048, 2048)",uint16,0,176
Point30,p53.tif,"(2048, 2048)",uint16,0,20
Point30,Pan-Keratin.tif,"(2048, 2048)",uint16,0,11
Point30,PD-L1.tif,"(2048, 2048)",uint16,0,9
Point30,PD1.tif,"(2048, 2048)",uint16,0,11
Point30,phospho-S6.tif,"(2048, 2048)",uint16,0,56
Point30,Segmentation.tif,"(2048, 2048)",uint16,0,1
Point30,SegmentationInterior.tif,"(2048, 2048)",uint8,0,1
Point30,Si.tif,"(2048, 2048)",uint16,0,512
Point30,SMA.tif,"(2048, 2048)",uint16,0,58
Point30,Ta.tif,"(2048, 2048)",uint16,0,322
Point30,Vimentin.tif,"(2048, 2048)",uint16,0,153
Point31,Au.tif,"(2048, 2048)",uint16,0,475
Point31,B7H3.tif,"(2048, 2048)",uint16,0,0
Point31,Background.tif,"(2048, 2048)",uint16,0,25
Point31,Beta catenin.tif,"(2048, 2048)",uint16,0,20
Point31,C.tif,"(2048, 2048)",uint16,0,0
Point31,Ca.tif,"(2048, 2048)",uint16,0,507
Point31,CD11b.tif,"(2048, 2048)",uint16,0,20
Point31,CD11c.tif,"(2048, 2048)",uint16,0,12
Point31,CD138.tif,"(2048, 2048)",uint16,0,11
Point31,CD16.tif,"(2048, 2048)",uint16,0,20
Point31,CD163.tif,"(2048, 2048)",uint16,0,18
Point31,CD20.tif,"(2048, 2048)",uint16,0,0
Point31,CD209.tif,"(2048, 2048)",uint16,0,0
Point31,CD3.tif,"(2048, 2048)",uint16,0,7
Point31,CD31.tif,"(2048, 2048)",uint16,0,8
Point31,CD4.tif,"(2048, 2048)",uint16,0,6
Point31,CD45.tif,"(2048, 2048)",uint16,0,27
Point31,CD45RO.tif,"(2048, 2048)",uint16,0,9
Point31,CD56.tif,"(2048, 2048)",uint16,0,3
Point31,CD63.tif,"(2048, 2048)",uint16,0,56
Point31,CD68.tif,"(2048, 2048)",uint16,0,49
Point31,CD8.tif,"(2048, 2048)",uint16,0,8
Point31,CSF-1R.tif,"(2048, 2048)",uint16,0,21
Point31,dsDNA.tif,"(2048, 2048)",uint16,0,166
Point31,EGFR.tif,"(2048, 2048)",uint16,0,9
Point31,Fe.tif,"(2048, 2048)",uint16,0,509
Point31,FoxP3.tif,"(2048, 2048)",uint16,0,0
Point31,H3K27me3.tif,"(2048, 2048)",uint16,0,138
Point31,H3K9ac.tif,"(2048, 2048)",uint16,0,31
Point31,HLA-DR.tif,"(2048, 2048)",uint16,0,53
Point31,HLA_Class_1.tif,"(2048, 2048)",uint16,0,29
Point31,IDO.tif,"(2048, 2048)",uint16,0,9
Point31,Keratin17.tif,"(2048, 2048)",uint16,0,38
Point31,Keratin6.tif,"(2048, 2048)",uint16,0,98
Point31,Ki67.tif,"(2048, 2048)",uint16,0,17
Point31,Lag3.tif,"(2048, 2048)",uint16,0,5
Point31,MPO.tif,"(2048, 2048)",uint16,0,138
Point31,Na.tif,"(2048, 2048)",uint16,0,595
Point31,OX40.tif,"(2048, 2048)",uint16,0,27
Point31,P.tif,"(2048, 2048)",uint16,0,116
Point31,p53.tif,"(2048, 2048)",uint16,0,82
Point31,Pan-Keratin.tif,"(2048, 2048)",uint16,0,50
Point31,PD-L1.tif,"(2048, 2048)",uint16,0,17
Point31,PD1.tif,"(2048, 2048)",uint16,0,7
Point31,phospho-S6.tif,"(2048, 2048)",uint16,0,23
Point31,Segmentation.tif,"(2048, 2048)",uint16,0,1
Point31,SegmentationInterior.tif,"(2048, 2048)",uint8,0,1
Point31,Si.tif,"(2048, 2048)",uint16,0,514
Point31,SMA.tif,"(2048, 2048)",uint16,0,91
Point31,Ta.tif,"(2048, 2048)",uint16,0,408
Point31,Vimentin.tif,"(2048, 2048)",uint16,0,163
Point32,Au.tif,"(2048, 2048)",uint16,0,462
Point32,B7H3.tif,"(2048, 2048)",uint16,0,7
Point32,Background.tif,"(2048, 2048)",uint16,0,47
Point32,Beta catenin.tif,"(2048, 2048)",uint16,0,20
Point32,C.tif,"(2048, 2048)",uint16,0,0
Point32,Ca.tif,"(2048, 2048)",uint16,0,510
Point32,CD11b.tif,"(2048, 2048)",uint16,0,8
Point32,CD11c.tif,"(2048, 2048)",uint16,0,41
Point32,CD138.tif,"(2048, 2048)",uint16,0,15
Point32,CD16.tif,"(2048, 2048)",uint16,0,36
Point32,CD163.tif,"(2048, 2048)",uint16,0,19
Point32,CD20.tif,"(2048, 2048)",uint16,0,34
Point32,CD209.tif,"(2048, 2048)",uint16,0,4
Point32,CD3.tif,"(2048, 2048)",uint16,0,13
Point32,CD31.tif,"(2048, 2048)",uint16,0,10
Point32,CD4.tif,"(2048, 2048)",uint16,0,9
Point32,CD45.tif,"(2048, 2048)",uint16,0,71
Point32,CD45RO.tif,"(2048, 2048)",uint16,0,50
Point32,CD56.tif,"(2048, 2048)",uint16,0,10
Point32,CD63.tif,"(2048, 2048)",uint16,0,20
Point32,CD68.tif,"(2048, 2048)",uint16,0,81
Point32,CD8.tif,"(2048, 2048)",uint16,0,34
Point32,CSF-1R.tif,"(2048, 2048)",uint16,0,19
Point32,dsDNA.tif,"(2048, 2048)",uint16,0,124
Point32,EGFR.tif,"(2048, 2048)",uint16,0,6
Point32,Fe.tif,"(2048, 2048)",uint16,0,502
Point32,FoxP3.tif,"(2048, 2048)",uint16,0,6
Point32,H3K27me3.tif,"(2048, 2048)",uint16,0,147
Point32,H3K9ac.tif,"(2048, 2048)",uint16,0,35
Point32,HLA-DR.tif,"(2048, 2048)",uint16,0,78
Point32,HLA_Class_1.tif,"(2048, 2048)",uint16,0,63
Point32,IDO.tif,"(2048, 2048)",uint16,0,41
Point32,Keratin17.tif,"(2048, 2048)",uint16,0,50
Point32,Keratin6.tif,"(2048, 2048)",uint16,0,88
Point32,Ki67.tif,"(2048, 2048)",uint16,0,12
Point32,Lag3.tif,"(2048, 2048)",uint16,0,10
Point32,MPO.tif,"(2048, 2048)",uint16,0,49
Point32,Na.tif,"(2048, 2048)",uint16,0,546
Point32,OX40.tif,"(2048, 2048)",uint16,0,4
Point32,P.tif,"(2048, 2048)",uint16,0,108
Point32,p53.tif,"(2048, 2048)",uint16,0,24
Point32,Pan-Keratin.tif,"(2048, 2048)",uint16,0,30
Point32,PD-L1.tif,"(2048, 2048)",uint16,0,17
Point32,PD1.tif,"(2048, 2048)",uint16,0,12
Point32,phospho-S6.tif,"(2048, 2048)",uint16,0,25
Point32,Segmentation.tif,"(2048, 2048)",uint16,0,1
Point32,SegmentationInterior.tif,"(2048, 2048)",uint8,0,1
Point32,Si.tif,"(2048, 2048)",uint16,0,510
Point32,SMA.tif,"(2048, 2048)",uint16,0,44
Point32,Ta.tif,"(2048, 2048)",uint16,0,401
Point32,Vimentin.tif,"(2048, 2048)",uint16,0,224
Point33,Au.tif,"(2048, 2048)",uint16,0,449
Point33,B7H3.tif,"(2048, 2048)",uint16,0,0
Point33,Background.tif,"(2048, 2048)",uint16,0,36
Point33,Beta catenin.tif,"(2048, 2048)",uint16,0,24
Point33,C.tif,"(2048, 2048)",uint16,0,0
Point33,Ca.tif,"(2048, 2048)",uint16,0,511
Point33,CD11b.tif,"(2048, 2048)",uint16,0,9
Point33,CD11c.tif,"(2048, 2048)",uint16,0,11
Point33,CD138.tif,"(2048, 2048)",uint16,0,27
Point33,CD16.tif,"(2048, 2048)",uint16,0,22
Point33,CD163.tif,"(2048, 2048)",uint16,0,11
Point33,CD20.tif,"(2048, 2048)",uint16,0,21
Point33,CD209.tif,"(2048, 2048)",uint16,0,15
Point33,CD3.tif,"(2048, 2048)",uint16,0,9
Point33,CD31.tif,"(2048, 2048)",uint16,0,5
Point33,CD4.tif,"(2048, 2048)",uint16,0,6
Point33,CD45.tif,"(2048, 2048)",uint16,0,45
Point33,CD45RO.tif,"(2048, 2048)",uint16,0,12
Point33,CD56.tif,"(2048, 2048)",uint16,0,3
Point33,CD63.tif,"(2048, 2048)",uint16,0,47
Point33,CD68.tif,"(2048, 2048)",uint16,0,49
Point33,CD8.tif,"(2048, 2048)",uint16,0,23
Point33,CSF-1R.tif,"(2048, 2048)",uint16,0,15
Point33,dsDNA.tif,"(2048, 2048)",uint16,0,226
Point33,EGFR.tif,"(2048, 2048)",uint16,0,6
Point33,Fe.tif,"(2048, 2048)",uint16,0,323
Point33,FoxP3.tif,"(2048, 2048)",uint16,0,0
Point33,H3K27me3.tif,"(2048, 2048)",uint16,0,161
Point33,H3K9ac.tif,"(2048, 2048)",uint16,0,36
Point33,HLA-DR.tif,"(2048, 2048)",uint16,0,55
Point33,HLA_Class_1.tif,"(2048, 2048)",uint16,0,41
Point33,IDO.tif,"(2048, 2048)",uint16,0,14
Point33,Keratin17.tif,"(2048, 2048)",uint16,0,79
Point33,Keratin6.tif,"(2048, 2048)",uint16,0,54
Point33,Ki67.tif,"(2048, 2048)",uint16,0,11
Point33,Lag3.tif,"(2048, 2048)",uint16,0,0
Point33,MPO.tif,"(2048, 2048)",uint16,0,31
Point33,Na.tif,"(2048, 2048)",uint16,0,607
Point33,OX40.tif,"(2048, 2048)",uint16,0,0
Point33,P.tif,"(2048, 2048)",uint16,0,93
Point33,p53.tif,"(2048, 2048)",uint16,0,18
Point33,Pan-Keratin.tif,"(2048, 2048)",uint16,0,65
Point33,PD-L1.tif,"(2048, 2048)",uint16,0,12
Point33,PD1.tif,"(2048, 2048)",uint16,0,3
Point33,phospho-S6.tif,"(2048, 2048)",uint16,0,29
Point33,Segmentation.tif,"(2048, 2048)",uint16,0,1
Point33,SegmentationInterior.tif,"(2048, 2048)",uint8,0,1
Point33,Si.tif,"(2048, 2048)",uint16,0,514
Point33,SMA.tif,"(2048, 2048)",uint16,0,62
Point33,Ta.tif,"(2048, 2048)",uint16,0,370
Point33,Vimentin.tif,"(2048, 2048)",uint16,0,165
Point34,Au.tif,"(2048, 2048)",uint16,0,455
Point34,B7H3.tif,"(2048, 2048)",uint16,0,0
Point34,Background.tif,"(2048, 2048)",uint16,0,25
Point34,Beta catenin.tif,"(2048, 2048)",uint16,0,9
Point34,C.tif,"(2048, 2048)",uint16,0,0
Point34,Ca.tif,"(2048, 2048)",uint16,0,506
Point34,CD11b.tif,"(2048, 2048)",uint16,0,5
Point34,CD11c.tif,"(2048, 2048)",uint16,0,8
Point34,CD138.tif,"(2048, 2048)",uint16,0,33
Point34,CD16.tif,"(2048, 2048)",uint16,0,10
Point34,CD163.tif,"(2048, 2048)",uint16,0,0
Point34,CD20.tif,"(2048, 2048)",uint16,0,9
Point34,CD209.tif,"(2048, 2048)",uint16,0,6
Point34,CD3.tif,"(2048, 2048)",uint16,0,4
Point34,CD31.tif,"(2048, 2048)",uint16,0,4
Point34,CD4.tif,"(2048, 2048)",uint16,0,4
Point34,CD45.tif,"(2048, 2048)",uint16,0,21
Point34,CD45RO.tif,"(2048, 2048)",uint16,0,11
Point34,CD56.tif,"(2048, 2048)",uint16,0,0
Point34,CD63.tif,"(2048, 2048)",uint16,0,19
Point34,CD68.tif,"(2048, 2048)",uint16,0,30
Point34,CD8.tif,"(2048, 2048)",uint16,0,17
Point34,CSF-1R.tif,"(2048, 2048)",uint16,0,9
Point34,dsDNA.tif,"(2048, 2048)",uint16,0,164
Point34,EGFR.tif,"(2048, 2048)",uint16,0,15
Point34,Fe.tif,"(2048, 2048)",uint16,0,436
Point34,FoxP3.tif,"(2048, 2048)",uint16,0,0
Point34,H3K27me3.tif,"(2048, 2048)",uint16,0,100
Point34,H3K9ac.tif,"(2048, 2048)",uint16,0,12
Point34,HLA-DR.tif,"(2048, 2048)",uint16,0,15
Point34,HLA_Class_1.tif,"(2048, 2048)",uint16,0,20
Point34,IDO.tif,"(2048, 2048)",uint16,0,8
Point34,Keratin17.tif,"(2048, 2048)",uint16,0,32
Point34,Keratin6.tif,"(2048, 2048)",uint16,0,54
Point34,Ki67.tif,"(2048, 2048)",uint16,0,0
Point34,Lag3.tif,"(2048, 2048)",uint16,0,3
Point34,MPO.tif,"(2048, 2048)",uint16,0,81
Point34,Na.tif,"(2048, 2048)",uint16,0,608
Point34,OX40.tif,"(2048, 2048)",uint16,0,0
Point34,P.tif,"(2048, 2048)",uint16,0,86
Point34,p53.tif,"(2048, 2048)",uint16,0,9
Point34,Pan-Keratin.tif,"(2048, 2048)",uint16,0,15
Point34,PD-L1.tif,"(2048, 2048)",uint16,0,3
Point34,PD1.tif,"(2048, 2048)",uint16,0,4
Point34,phospho-S6.tif,"(2048, 2048)",uint16,0,24
Point34,Segmentation.tif,"(2048, 2048)",uint16,0,1
Point34,SegmentationInterior.tif,"(2048, 2048)",uint8,0,1
Point34,Si.tif,"(2048, 2048)",uint16,0,513
Point34,SMA.tif,"(2048, 2048)",uint16,0,25
Point34,Ta.tif,"(2048, 2048)",uint16,0,345
Point34,Vimentin.tif,"(2048, 2048)",uint16,0,34
Point35,Au.tif,"(2048, 2048)",uint16,0,366
Point35,B7H3.tif,"(2048, 2048)",uint16,0,0
Point35,Background.tif,"(2048, 2048)",uint16,0,34
Point35,Beta catenin.tif,"(2048, 2048)",uint16,0,16
Point35,C.tif,"(2048, 2048)",uint16,0,0
Point35,Ca.tif,"(2048, 2048)",uint16,0,505
Point35,CD11b.tif,"(2048, 2048)",uint16,0,12
Point35,CD11c.tif,"(2048, 2048)",uint16,0,17
Point35,CD138.tif,"(2048, 2048)",uint16,0,8
Point35,CD16.tif,"(2048, 2048)",uint16,0,10
Point35,CD163.tif,"(2048, 2048)",uint16,0,24
Point35,CD20.tif,"(2048, 2048)",uint16,0,99
Point35,CD209.tif,"(2048, 2048)",uint16,0,7
Point35,CD3.tif,"(2048, 2048)",uint16,0,15
Point35,CD31.tif,"(2048, 2048)",uint16,0,7
Point35,CD4.tif,"(2048, 2048)",uint16,0,12
Point35,CD45.tif,"(2048, 2048)",uint16,0,64
Point35,CD45RO.tif,"(2048, 2048)",uint16,0,33
Point35,CD56.tif,"(2048, 2048)",uint16,0,9
Point35,CD63.tif,"(2048, 2048)",uint16,0,30
Point35,CD68.tif,"(2048, 2048)",uint16,0,34
Point35,CD8.tif,"(2048, 2048)",uint16,0,24
Point35,CSF-1R.tif,"(2048, 2048)",uint16,0,16
Point35,dsDNA.tif,"(2048, 2048)",uint16,0,167
Point35,EGFR.tif,"(2048, 2048)",uint16,0,5
Point35,Fe.tif,"(2048, 2048)",uint16,0,438
Point35,FoxP3.tif,"(2048, 2048)",uint16,0,0
Point35,H3K27me3.tif,"(2048, 2048)",uint16,0,72
Point35,H3K9ac.tif,"(2048, 2048)",uint16,0,20
Point35,HLA-DR.tif,"(2048, 2048)",uint16,0,89
Point35,HLA_Class_1.tif,"(2048, 2048)",uint16,0,55
Point35,IDO.tif,"(2048, 2048)",uint16,0,14
Point35,Keratin17.tif,"(2048, 2048)",uint16,0,21
Point35,Keratin6.tif,"(2048, 2048)",uint16,0,59
Point35,Ki67.tif,"(2048, 2048)",uint16,0,5
Point35,Lag3.tif,"(2048, 2048)",uint16,0,7
Point35,MPO.tif,"(2048, 2048)",uint16,0,40
Point35,Na.tif,"(2048, 2048)",uint16,0,608
Point35,OX40.tif,"(2048, 2048)",uint16,0,5
Point35,P.tif,"(2048, 2048)",uint16,0,97
Point35,p53.tif,"(2048, 2048)",uint16,0,16
Point35,Pan-Keratin.tif,"(2048, 2048)",uint16,0,11
Point35,PD-L1.tif,"(2048, 2048)",uint16,0,8
Point35,PD1.tif,"(2048, 2048)",uint16,0,8
Point35,phospho-S6.tif,"(2048, 2048)",uint16,0,10
Point35,Segmentation.tif,"(2048, 2048)",uint16,0,1
Point35,SegmentationInterior.tif,"(2048, 2048)",uint8,0,1
Point35,Si.tif,"(2048, 2048)",uint16,0,512
Point35,SMA.tif,"(2048, 2048)",uint16,0,82
Point35,Ta.tif,"(2048, 2048)",uint16,0,287
Point35,Vimentin.tif,"(2048, 2048)",uint16,0,122
Point36,Au.tif,"(2048, 2048)",uint16,0,396
Point36,B7H3.tif,"(2048, 2048)",uint16,0,70
Point36,Background.tif,"(2048, 2048)",uint16,0,50
Point36,Beta catenin.tif,"(2048, 2048)",uint16,0,17
Point36,C.tif,"(2048, 2048)",uint16,0,0
Point36,Ca.tif,"(2048, 2048)",uint16,0,508
Point36,CD11b.tif,"(2048, 2048)",uint16,0,8
Point36,CD11c.tif,"(2048, 2048)",uint16,0,13
Point36,CD138.tif,"(2048, 2048)",uint16,0,43
Point36,CD16.tif,"(2048, 2048)",uint16,0,11
Point36,CD163.tif,"(2048, 2048)",uint16,0,74
Point36,CD20.tif,"(2048, 2048)",uint16,0,35
Point36,CD209.tif,"(2048, 2048)",uint16,0,9
Point36,CD3.tif,"(2048, 2048)",uint16,0,10
Point36,CD31.tif,"(2048, 2048)",uint16,0,7
Point36,CD4.tif,"(2048, 2048)",uint16,0,7
Point36,CD45.tif,"(2048, 2048)",uint16,0,34
Point36,CD45RO.tif,"(2048, 2048)",uint16,0,19
Point36,CD56.tif,"(2048, 2048)",uint16,0,7
Point36,CD63.tif,"(2048, 2048)",uint16,0,35
Point36,CD68.tif,"(2048, 2048)",uint16,0,96
Point36,CD8.tif,"(2048, 2048)",uint16,0,23
Point36,CSF-1R.tif,"(2048, 2048)",uint16,0,14
Point36,dsDNA.tif,"(2048, 2048)",uint16,0,265
Point36,EGFR.tif,"(2048, 2048)",uint16,0,6
Point36,Fe.tif,"(2048, 2048)",uint16,0,509
Point36,FoxP3.tif,"(2048, 2048)",uint16,0,5
Point36,H3K27me3.tif,"(2048, 2048)",uint16,0,71
Point36,H3K9ac.tif,"(2048, 2048)",uint16,0,18
Point36,HLA-DR.tif,"(2048, 2048)",uint16,0,68
Point36,HLA_Class_1.tif,"(2048, 2048)",uint16,0,41
Point36,IDO.tif,"(2048, 2048)",uint16,0,9
Point36,Keratin17.tif,"(2048, 2048)",uint16,0,64
Point36,Keratin6.tif,"(2048, 2048)",uint16,0,74
Point36,Ki67.tif,"(2048, 2048)",uint16,0,3
Point36,Lag3.tif,"(2048, 2048)",uint16,0,12
Point36,MPO.tif,"(2048, 2048)",uint16,0,69
Point36,Na.tif,"(2048, 2048)",uint16,0,597
Point36,OX40.tif,"(2048, 2048)",uint16,0,2
Point36,P.tif,"(2048, 2048)",uint16,0,242
Point36,p53.tif,"(2048, 2048)",uint16,0,20
Point36,Pan-Keratin.tif,"(2048, 2048)",uint16,0,58
Point36,PD-L1.tif,"(2048, 2048)",uint16,0,6
Point36,PD1.tif,"(2048, 2048)",uint16,0,5
Point36,phospho-S6.tif,"(2048, 2048)",uint16,0,15
Point36,Segmentation.tif,"(2048, 2048)",uint16,0,1
Point36,SegmentationInterior.tif,"(2048, 2048)",uint8,0,1
Point36,Si.tif,"(2048, 2048)",uint16,0,515
Point36,SMA.tif,"(2048, 2048)",uint16,0,63
Point36,Ta.tif,"(2048, 2048)",uint16,0,330
Point36,Vimentin.tif,"(2048, 2048)",uint16,0,131
Point37,Au.tif,"(2048, 2048)",uint16,0,320
Point37,B7H3.tif,"(2048, 2048)",uint16,0,0
Point37,Background.tif,"(2048, 2048)",uint16,0,38
Point37,Beta catenin.tif,"(2048, 2048)",uint16,0,18
Point37,C.tif,"(2048, 2048)",uint16,0,0
Point37,Ca.tif,"(2048, 2048)",uint16,0,506
Point37,CD11b.tif,"(2048, 2048)",uint16,0,7
Point37,CD11c.tif,"(2048, 2048)",uint16,0,19
Point37,CD138.tif,"(2048, 2048)",uint16,0,40
Point37,CD16.tif,"(2048, 2048)",uint16,0,13
Point37,CD163.tif,"(2048, 2048)",uint16,0,26
Point37,CD20.tif,"(2048, 2048)",uint16,0,26
Point37,CD209.tif,"(2048, 2048)",uint16,0,5
Point37,CD3.tif,"(2048, 2048)",uint16,0,10
Point37,CD31.tif,"(2048, 2048)",uint16,0,8
Point37,CD4.tif,"(2048, 2048)",uint16,0,7
Point37,CD45.tif,"(2048, 2048)",uint16,0,36
Point37,CD45RO.tif,"(2048, 2048)",uint16,0,15
Point37,CD56.tif,"(2048, 2048)",uint16,0,6
Point37,CD63.tif,"(2048, 2048)",uint16,0,12
Point37,CD68.tif,"(2048, 2048)",uint16,0,33
Point37,CD8.tif,"(2048, 2048)",uint16,0,23
Point37,CSF-1R.tif,"(2048, 2048)",uint16,0,21
Point37,dsDNA.tif,"(2048, 2048)",uint16,0,140
Point37,EGFR.tif,"(2048, 2048)",uint16,0,4
Point37,Fe.tif,"(2048, 2048)",uint16,0,283
Point37,FoxP3.tif,"(2048, 2048)",uint16,0,3
Point37,H3K27me3.tif,"(2048, 2048)",uint16,0,84
Point37,H3K9ac.tif,"(2048, 2048)",uint16,0,33
Point37,HLA-DR.tif,"(2048, 2048)",uint16,0,68
Point37,HLA_Class_1.tif,"(2048, 2048)",uint16,0,74
Point37,IDO.tif,"(2048, 2048)",uint16,0,23
Point37,Keratin17.tif,"(2048, 2048)",uint16,0,38
Point37,Keratin6.tif,"(2048, 2048)",uint16,0,80
Point37,Ki67.tif,"(2048, 2048)",uint16,0,6
Point37,Lag3.tif,"(2048, 2048)",uint16,0,7
Point37,MPO.tif,"(2048, 2048)",uint16,0,80
Point37,Na.tif,"(2048, 2048)",uint16,0,585
Point37,OX40.tif,"(2048, 2048)",uint16,0,6
Point37,P.tif,"(2048, 2048)",uint16,0,82
Point37,p53.tif,"(2048, 2048)",uint16,0,22
Point37,Pan-Keratin.tif,"(2048, 2048)",uint16,0,35
Point37,PD-L1.tif,"(2048, 2048)",uint16,0,6
Point37,PD1.tif,"(2048, 2048)",uint16,0,5
Point37,phospho-S6.tif,"(2048, 2048)",uint16,0,23
Point37,Segmentation.tif,"(2048, 2048)",uint16,0,1
Point37,SegmentationInterior.tif,"(2048, 2048)",uint8,0,1
Point37,Si.tif,"(2048, 2048)",uint16,0,513
Point37,SMA.tif,"(2048, 2048)",uint16,0,41
Point37,Ta.tif,"(2048, 2048)",uint16,0,285
Point37,Vimentin.tif,"(2048, 2048)",uint16,0,130
Point38,Au.tif,"(2048, 2048)",uint16,0,372
Point38,B7H3.tif,"(2048, 2048)",uint16,0,0
Point38,Background.tif,"(2048, 2048)",uint16,0,56
Point38,Beta catenin.tif,"(2048, 2048)",uint16,0,19
Point38,C.tif,"(2048, 2048)",uint16,0,0
Point38,Ca.tif,"(2048, 2048)",uint16,0,507
Point38,CD11b.tif,"(2048, 2048)",uint16,0,8
Point38,CD11c.tif,"(2048, 2048)",uint16,0,13
Point38,CD138.tif,"(2048, 2048)",uint16,0,20
Point38,CD16.tif,"(2048, 2048)",uint16,0,32
Point38,CD163.tif,"(2048, 2048)",uint16,0,32
Point38,CD20.tif,"(2048, 2048)",uint16,0,11
Point38,CD209.tif,"(2048, 2048)",uint16,0,11
Point38,CD3.tif,"(2048, 2048)",uint16,0,10
Point38,CD31.tif,"(2048, 2048)",uint16,0,8
Point38,CD4.tif,"(2048, 2048)",uint16,0,6
Point38,CD45.tif,"(2048, 2048)",uint16,0,63
Point38,CD45RO.tif,"(2048, 2048)",uint16,0,20
Point38,CD56.tif,"(2048, 2048)",uint16,0,0
Point38,CD63.tif,"(2048, 2048)",uint16,0,17
Point38,CD68.tif,"(2048, 2048)",uint16,0,32
Point38,CD8.tif,"(2048, 2048)",uint16,0,18
Point38,CSF-1R.tif,"(2048, 2048)",uint16,0,15
Point38,dsDNA.tif,"(2048, 2048)",uint16,0,174
Point38,EGFR.tif,"(2048, 2048)",uint16,0,5
Point38,Fe.tif,"(2048, 2048)",uint16,0,508
Point38,FoxP3.tif,"(2048, 2048)",uint16,0,3
Point38,H3K27me3.tif,"(2048, 2048)",uint16,0,90
Point38,H3K9ac.tif,"(2048, 2048)",uint16,0,37
Point38,HLA-DR.tif,"(2048, 2048)",uint16,0,71
Point38,HLA_Class_1.tif,"(2048, 2048)",uint16,0,27
Point38,IDO.tif,"(2048, 2048)",uint16,0,23
Point38,Keratin17.tif,"(2048, 2048)",uint16,0,31
Point38,Keratin6.tif,"(2048, 2048)",uint16,0,142
Point38,Ki67.tif,"(2048, 2048)",uint16,0,7
Point38,Lag3.tif,"(2048, 2048)",uint16,0,11
Point38,MPO.tif,"(2048, 2048)",uint16,0,98
Point38,Na.tif,"(2048, 2048)",uint16,0,620
Point38,OX40.tif,"(2048, 2048)",uint16,0,0
Point38,P.tif,"(2048, 2048)",uint16,0,122
Point38,p53.tif,"(2048, 2048)",uint16,0,20
Point38,Pan-Keratin.tif,"(2048, 2048)",uint16,0,83
Point38,PD-L1.tif,"(2048, 2048)",uint16,0,9
Point38,PD1.tif,"(2048, 2048)",uint16,0,8
Point38,phospho-S6.tif,"(2048, 2048)",uint16,0,20
Point38,Segmentation.tif,"(2048, 2048)",uint16,0,1
Point38,SegmentationInterior.tif,"(2048, 2048)",uint8,0,1
Point38,Si.tif,"(2048, 2048)",uint16,0,507
Point38,SMA.tif,"(2048, 2048)",uint16,0,45
Point38,Ta.tif,"(2048, 2048)",uint16,0,331
Point38,Vimentin.tif,"(2048, 2048)",uint16,0,161
Point39,Au.tif,"(2048, 2048)",uint16,0,478
Point39,B7H3.tif,"(2048, 2048)",uint16,0,8
Point39,Background.tif,"(2048, 2048)",uint16,0,47
Point39,Beta catenin.tif,"(2048, 2048)",uint16,0,12
Point39,C.tif,"(2048, 2048)",uint16,0,0
Point39,Ca.tif,"(2048, 2048)",uint16,0,506
Point39,CD11b.tif,"(2048, 2048)",uint16,0,17
Point39,CD11c.tif,"(2048, 2048)",uint16,0,13
Point39,CD138.tif,"(2048, 2048)",uint16,0,38
Point39,CD16.tif,"(2048, 2048)",uint16,0,22
Point39,CD163.tif,"(2048, 2048)",uint16,0,12
Point39,CD20.tif,"(2048, 2048)",uint16,0,35
Point39,CD209.tif,"(2048, 2048)",uint16,0,6
Point39,CD3.tif,"(2048, 2048)",uint16,0,10
Point39,CD31.tif,"(2048, 2048)",uint16,0,13
Point39,CD4.tif,"(2048, 2048)",uint16,0,7
Point39,CD45.tif,"(2048, 2048)",uint16,0,50
Point39,CD45RO.tif,"(2048, 2048)",uint16,0,18
Point39,CD56.tif,"(2048, 2048)",uint16,0,6
Point39,CD63.tif,"(2048, 2048)",uint16,0,25
Point39,CD68.tif,"(2048, 2048)",uint16,0,34
Point39,CD8.tif,"(2048, 2048)",uint16,0,19
Point39,CSF-1R.tif,"(2048, 2048)",uint16,0,12
Point39,dsDNA.tif,"(2048, 2048)",uint16,0,166
Point39,EGFR.tif,"(2048, 2048)",uint16,0,16
Point39,Fe.tif,"(2048, 2048)",uint16,0,381
Point39,FoxP3.tif,"(2048, 2048)",uint16,0,4
Point39,H3K27me3.tif,"(2048, 2048)",uint16,0,96
Point39,H3K9ac.tif,"(2048, 2048)",uint16,0,34
Point39,HLA-DR.tif,"(2048, 2048)",uint16,0,54
Point39,HLA_Class_1.tif,"(2048, 2048)",uint16,0,49
Point39,IDO.tif,"(2048, 2048)",uint16,0,34
Point39,Keratin17.tif,"(2048, 2048)",uint16,0,23
Point39,Keratin6.tif,"(2048, 2048)",uint16,0,31
Point39,Ki67.tif,"(2048, 2048)",uint16,0,15
Point39,Lag3.tif,"(2048, 2048)",uint16,0,10
Point39,MPO.tif,"(2048, 2048)",uint16,0,69
Point39,Na.tif,"(2048, 2048)",uint16,0,594
Point39,OX40.tif,"(2048, 2048)",uint16,0,0
Point39,P.tif,"(2048, 2048)",uint16,0,188
Point39,p53.tif,"(2048, 2048)",uint16,0,11
Point39,Pan-Keratin.tif,"(2048, 2048)",uint16,0,16
Point39,PD-L1.tif,"(2048, 2048)",uint16,0,9
Point39,PD1.tif,"(2048, 2048)",uint16,0,6
Point39,phospho-S6.tif,"(2048, 2048)",uint16,0,19
Point39,Segmentation.tif,"(2048, 2048)",uint16,0,1
Point39,SegmentationInterior.tif,"(2048, 2048)",uint8,0,1
Point39,Si.tif,"(2048, 2048)",uint16,0,515
Point39,SMA.tif,"(2048, 2048)",uint16,0,34
Point39,Ta.tif,"(2048, 2048)",uint16,0,364
Point39,Vimentin.tif,"(2048, 2048)",uint16,0,68
Point4,Au.tif,"(2048, 2048)",uint16,0,222
Point4,B7H3.tif,"(2048, 2048)",uint16,0,0
Point4,Background.tif,"(2048, 2048)",uint16,0,43
Point4,Beta catenin.tif,"(2048, 2048)",uint16,0,14
Point4,C.tif,"(2048, 2048)",uint16,0,0
Point4,Ca.tif,"(2048, 2048)",uint16,0,508
Point4,CD11b.tif,"(2048, 2048)",uint16,0,16
Point4,CD11c.tif,"(2048, 2048)",uint16,0,18
Point4,CD138.tif,"(2048, 2048)",uint16,0,13
Point4,CD16.tif,"(2048, 2048)",uint16,0,12
Point4,CD163.tif,"(2048, 2048)",uint16,0,5
Point4,CD20.tif,"(2048, 2048)",uint16,0,28
Point4,CD209.tif,"(2048, 2048)",uint16,0,8
Point4,CD3.tif,"(2048, 2048)",uint16,0,11
Point4,CD31.tif,"(2048, 2048)",uint16,0,7
Point4,CD4.tif,"(2048, 2048)",uint16,0,7
Point4,CD45.tif,"(2048, 2048)",uint16,0,40
Point4,CD45RO.tif,"(2048, 2048)",uint16,0,13
Point4,CD56.tif,"(2048, 2048)",uint16,0,4
Point4,CD63.tif,"(2048, 2048)",uint16,0,23
Point4,CD68.tif,"(2048, 2048)",uint16,0,30
Point4,CD8.tif,"(2048, 2048)",uint16,0,18
Point4,CSF-1R.tif,"(2048, 2048)",uint16,0,13
Point4,dsDNA.tif,"(2048, 2048)",uint16,0,60
Point4,EGFR.tif,"(2048, 2048)",uint16,0,6
Point4,Fe.tif,"(2048, 2048)",uint16,0,505
Point4,FoxP3.tif,"(2048, 2048)",uint16,0,6
Point4,H3K27me3.tif,"(2048, 2048)",uint16,0,84
Point4,H3K9ac.tif,"(2048, 2048)",uint16,0,32
Point4,HLA-DR.tif,"(2048, 2048)",uint16,0,104
Point4,HLA_Class_1.tif,"(2048, 2048)",uint16,0,69
Point4,IDO.tif,"(2048, 2048)",uint16,0,13
Point4,Keratin17.tif,"(2048, 2048)",uint16,0,29
Point4,Keratin6.tif,"(2048, 2048)",uint16,0,40
Point4,Ki67.tif,"(2048, 2048)",uint16,0,14
Point4,Lag3.tif,"(2048, 2048)",uint16,0,7
Point4,MPO.tif,"(2048, 2048)",uint16,0,67
Point4,Na.tif,"(2048, 2048)",uint16,0,616
Point4,OX40.tif,"(2048, 2048)",uint16,0,9
Point4,P.tif,"(2048, 2048)",uint16,0,20
Point4,p53.tif,"(2048, 2048)",uint16,0,9
Point4,Pan-Keratin.tif,"(2048, 2048)",uint16,0,29
Point4,PD-L1.tif,"(2048, 2048)",uint16,0,7
Point4,PD1.tif,"(2048, 2048)",uint16,0,6
Point4,phospho-S6.tif,"(2048, 2048)",uint16,0,21
Point4,Segmentation.tif,"(2048, 2048)",uint16,0,1
Point4,SegmentationInterior.tif,"(2048, 2048)",uint8,0,1
Point4,Si.tif,"(2048, 2048)",uint16,0,510
Point4,SMA.tif,"(2048, 2048)",uint16,0,45
Point4,Ta.tif,"(2048, 2048)",uint16,0,194
Point4,Vimentin.tif,"(2048, 2048)",uint16,0,119
Point40,Au.tif,"(2048, 2048)",uint16,0,451
Point40,B7H3.tif,"(2048, 2048)",uint16,0,0
Point40,Background.tif,"(2048, 2048)",uint16,0,26
Point40,Beta catenin.tif,"(2048, 2048)",uint16,0,34
Point40,C.tif,"(2048, 2048)",uint16,0,0
Point40,Ca.tif,"(2048, 2048)",uint16,0,506
Point40,CD11b.tif,"(2048, 2048)",uint16,0,13
Point40,CD11c.tif,"(2048, 2048)",uint16,0,15
Point40,CD138.tif,"(2048, 2048)",uint16,0,24
Point40,CD16.tif,"(2048, 2048)",uint16,0,15
Point40,CD163.tif,"(2048, 2048)",uint16,0,21
Point40,CD20.tif,"(2048, 2048)",uint16,0,75
Point40,CD209.tif,"(2048, 2048)",uint16,0,91
Point40,CD3.tif,"(2048, 2048)",uint16,0,10
Point40,CD31.tif,"(2048, 2048)",uint16,0,6
Point40,CD4.tif,"(2048, 2048)",uint16,0,9
Point40,CD45.tif,"(2048, 2048)",uint16,0,48
Point40,CD45RO.tif,"(2048, 2048)",uint16,0,21
Point40,CD56.tif,"(2048, 2048)",uint16,0,7
Point40,CD63.tif,"(2048, 2048)",uint16,0,30
Point40,CD68.tif,"(2048, 2048)",uint16,0,29
Point40,CD8.tif,"(2048, 2048)",uint16,0,27
Point40,CSF-1R.tif,"(2048, 2048)",uint16,0,11
Point40,dsDNA.tif,"(2048, 2048)",uint16,0,157
Point40,EGFR.tif,"(2048, 2048)",uint16,0,5
Point40,Fe.tif,"(2048, 2048)",uint16,0,469
Point40,FoxP3.tif,"(2048, 2048)",uint16,0,5
Point40,H3K27me3.tif,"(2048, 2048)",uint16,0,156
Point40,H3K9ac.tif,"(2048, 2048)",uint16,0,43
Point40,HLA-DR.tif,"(2048, 2048)",uint16,0,104
Point40,HLA_Class_1.tif,"(2048, 2048)",uint16,0,65
Point40,IDO.tif,"(2048, 2048)",uint16,0,15
Point40,Keratin17.tif,"(2048, 2048)",uint16,0,19
Point40,Keratin6.tif,"(2048, 2048)",uint16,0,28
Point40,Ki67.tif,"(2048, 2048)",uint16,0,17
Point40,Lag3.tif,"(2048, 2048)",uint16,0,9
Point40,MPO.tif,"(2048, 2048)",uint16,0,54
Point40,Na.tif,"(2048, 2048)",uint16,0,606
Point40,OX40.tif,"(2048, 2048)",uint16,0,6
Point40,P.tif,"(2048, 2048)",uint16,0,108
Point40,p53.tif,"(2048, 2048)",uint16,0,25
Point40,Pan-Keratin.tif,"(2048, 2048)",uint16,0,62
Point40,PD-L1.tif,"(2048, 2048)",uint16,0,8
Point40,PD1.tif,"(2048, 2048)",uint16,0,7
Point40,phospho-S6.tif,"(2048, 2048)",uint16,0,34
Point40,Segmentation.tif,"(2048, 2048)",uint16,0,1
Point40,SegmentationInterior.tif,"(2048, 2048)",uint8,0,1
Point40,Si.tif,"(2048, 2048)",uint16,0,512
Point40,SMA.tif,"(2048, 2048)",uint16,0,86
Point40,Ta.tif,"(2048, 2048)",uint16,0,343
Point40,Vimentin.tif,"(2048, 2048)",uint16,0,216
Point41,Au.tif,"(2048, 2048)",uint16,0,372
Point41,B7H3.tif,"(2048, 2048)",uint16,0,0
Point41,Background.tif,"(2048, 2048)",uint16,0,29
Point41,Beta catenin.tif,"(2048, 2048)",uint16,0,14
Point41,C.tif,"(2048, 2048)",uint16,0,0
Point41,Ca.tif,"(2048, 2048)",uint16,0,506
Point41,CD11b.tif,"(2048, 2048)",uint16,0,5
Point41,CD11c.tif,"(2048, 2048)",uint16,0,17
Point41,CD138.tif,"(2048, 2048)",uint16,0,17
Point41,CD16.tif,"(2048, 2048)",uint16,0,22
Point41,CD163.tif,"(2048, 2048)",uint16,0,37
Point41,CD20.tif,"(2048, 2048)",uint16,0,32
Point41,CD209.tif,"(2048, 2048)",uint16,0,3
Point41,CD3.tif,"(2048, 2048)",uint16,0,8
Point41,CD31.tif,"(2048, 2048)",uint16,0,8
Point41,CD4.tif,"(2048, 2048)",uint16,0,6
Point41,CD45.tif,"(2048, 2048)",uint16,0,41
Point41,CD45RO.tif,"(2048, 2048)",uint16,0,26
Point41,CD56.tif,"(2048, 2048)",uint16,0,7
Point41,CD63.tif,"(2048, 2048)",uint16,0,34
Point41,CD68.tif,"(2048, 2048)",uint16,0,35
Point41,CD8.tif,"(2048, 2048)",uint16,0,20
Point41,CSF-1R.tif,"(2048, 2048)",uint16,0,10
Point41,dsDNA.tif,"(2048, 2048)",uint16,0,108
Point41,EGFR.tif,"(2048, 2048)",uint16,0,2
Point41,Fe.tif,"(2048, 2048)",uint16,0,294
Point41,FoxP3.tif,"(2048, 2048)",uint16,0,0
Point41,H3K27me3.tif,"(2048, 2048)",uint16,0,68
Point41,H3K9ac.tif,"(2048, 2048)",uint16,0,12
Point41,HLA-DR.tif,"(2048, 2048)",uint16,0,44
Point41,HLA_Class_1.tif,"(2048, 2048)",uint16,0,48
Point41,IDO.tif,"(2048, 2048)",uint16,0,8
Point41,Keratin17.tif,"(2048, 2048)",uint16,0,31
Point41,Keratin6.tif,"(2048, 2048)",uint16,0,33
Point41,Ki67.tif,"(2048, 2048)",uint16,0,4
Point41,Lag3.tif,"(2048, 2048)",uint16,0,7
Point41,MPO.tif,"(2048, 2048)",uint16,0,64
Point41,Na.tif,"(2048, 2048)",uint16,0,576
Point41,OX40.tif,"(2048, 2048)",uint16,0,7
Point41,P.tif,"(2048, 2048)",uint16,0,84
Point41,p53.tif,"(2048, 2048)",uint16,0,9
Point41,Pan-Keratin.tif,"(2048, 2048)",uint16,0,7
Point41,PD-L1.tif,"(2048, 2048)",uint16,0,6
Point41,PD1.tif,"(2048, 2048)",uint16,0,4
Point41,phospho-S6.tif,"(2048, 2048)",uint16,0,18
Point41,Segmentation.tif,"(2048, 2048)",uint16,0,1
Point41,SegmentationInterior.tif,"(2048, 2048)",uint8,0,1
Point41,Si.tif,"(2048, 2048)",uint16,0,512
Point41,SMA.tif,"(2048, 2048)",uint16,0,63
Point41,Ta.tif,"(2048, 2048)",uint16,0,309
Point41,Vimentin.tif,"(2048, 2048)",uint16,0,99
Point5,Au.tif,"(2048, 2048)",uint16,0,377
Point5,B7H3.tif,"(2048, 2048)",uint16,0,5
Point5,Background.tif,"(2048, 2048)",uint16,0,43
Point5,Beta catenin.tif,"(2048, 2048)",uint16,0,14
Point5,C.tif,"(2048, 2048)",uint16,0,0
Point5,Ca.tif,"(2048, 2048)",uint16,0,508
Point5,CD11b.tif,"(2048, 2048)",uint16,0,7
Point5,CD11c.tif,"(2048, 2048)",uint16,0,23
Point5,CD138.tif,"(2048, 2048)",uint16,0,34
Point5,CD16.tif,"(2048, 2048)",uint16,0,32
Point5,CD163.tif,"(2048, 2048)",uint16,0,5
Point5,CD20.tif,"(2048, 2048)",uint16,0,16
Point5,CD209.tif,"(2048, 2048)",uint16,0,8
Point5,CD3.tif,"(2048, 2048)",uint16,0,8
Point5,CD31.tif,"(2048, 2048)",uint16,0,13
Point5,CD4.tif,"(2048, 2048)",uint16,0,15
Point5,CD45.tif,"(2048, 2048)",uint16,0,41
Point5,CD45RO.tif,"(2048, 2048)",uint16,0,20
Point5,CD56.tif,"(2048, 2048)",uint16,0,7
Point5,CD63.tif,"(2048, 2048)",uint16,0,35
Point5,CD68.tif,"(2048, 2048)",uint16,0,61
Point5,CD8.tif,"(2048, 2048)",uint16,0,22
Point5,CSF-1R.tif,"(2048, 2048)",uint16,0,13
Point5,dsDNA.tif,"(2048, 2048)",uint16,0,128
Point5,EGFR.tif,"(2048, 2048)",uint16,0,6
Point5,Fe.tif,"(2048, 2048)",uint16,0,432
Point5,FoxP3.tif,"(2048, 2048)",uint16,0,7
Point5,H3K27me3.tif,"(2048, 2048)",uint16,0,108
Point5,H3K9ac.tif,"(2048, 2048)",uint16,0,37
Point5,HLA-DR.tif,"(2048, 2048)",uint16,0,50
Point5,HLA_Class_1.tif,"(2048, 2048)",uint16,0,47
Point5,IDO.tif,"(2048, 2048)",uint16,0,16
Point5,Keratin17.tif,"(2048, 2048)",uint16,0,4
Point5,Keratin6.tif,"(2048, 2048)",uint16,0,30
Point5,Ki67.tif,"(2048, 2048)",uint16,0,13
Point5,Lag3.tif,"(2048, 2048)",uint16,0,12
Point5,MPO.tif,"(2048, 2048)",uint16,0,45
Point5,Na.tif,"(2048, 2048)",uint16,0,647
Point5,OX40.tif,"(2048, 2048)",uint16,0,4
Point5,P.tif,"(2048, 2048)",uint16,0,21
Point5,p53.tif,"(2048, 2048)",uint16,0,5
Point5,Pan-Keratin.tif,"(2048, 2048)",uint16,0,21
Point5,PD-L1.tif,"(2048, 2048)",uint16,0,8
Point5,PD1.tif,"(2048, 2048)",uint16,0,9
Point5,phospho-S6.tif,"(2048, 2048)",uint16,0,21
Point5,Segmentation.tif,"(2048, 2048)",uint16,0,1
Point5,SegmentationInterior.tif,"(2048, 2048)",uint8,0,1
Point5,Si.tif,"(2048, 2048)",uint16,0,515
Point5,SMA.tif,"(2048, 2048)",uint16,0,35
Point5,Ta.tif,"(2048, 2048)",uint16,0,294
Point5,Vimentin.tif,"(2048, 2048)",uint16,0,136
Point6,Au.tif,"(2048, 2048)",uint16,0,410
Point6,B7H3.tif,"(2048, 2048)",uint16,0,0
Point6,Background.tif,"(2048, 2048)",uint16,0,62
Point6,Beta catenin.tif,"(2048, 2048)",uint16,0,12
Point6,C.tif,"(2048, 2048)",uint16,0,0
Point6,Ca.tif,"(2048, 2048)",uint16,0,509
Point6,CD11b.tif,"(2048, 2048)",uint16,0,7
Point6,CD11c.tif,"(2048, 2048)",uint16,0,11
Point6,CD138.tif,"(2048, 2048)",uint16,0,9
Point6,CD16.tif,"(2048, 2048)",uint16,0,21
Point6,CD163.tif,"(2048, 2048)",uint16,0,9
Point6,CD20.tif,"(2048, 2048)",uint16,0,17
Point6,CD209.tif,"(2048, 2048)",uint16,0,6
Point6,CD3.tif,"(2048, 2048)",uint16,0,6
Point6,CD31.tif,"(2048, 2048)",uint16,0,8
Point6,CD4.tif,"(2048, 2048)",uint16,0,5
Point6,CD45.tif,"(2048, 2048)",uint16,0,32
Point6,CD45RO.tif,"(2048, 2048)",uint16,0,21
Point6,CD56.tif,"(2048, 2048)",uint16,0,0
Point6,CD63.tif,"(2048, 2048)",uint16,0,13
Point6,CD68.tif,"(2048, 2048)",uint16,0,24
Point6,CD8.tif,"(2048, 2048)",uint16,0,13
Point6,CSF-1R.tif,"(2048, 2048)",uint16,0,8
Point6,dsDNA.tif,"(2048, 2048)",uint16,0,72
Point6,EGFR.tif,"(2048, 2048)",uint16,0,10
Point6,Fe.tif,"(2048, 2048)",uint16,0,456
Point6,FoxP3.tif,"(2048, 2048)",uint16,0,4
Point6,H3K27me3.tif,"(2048, 2048)",uint16,0,58
Point6,H3K9ac.tif,"(2048, 2048)",uint16,0,25
Point6,HLA-DR.tif,"(2048, 2048)",uint16,0,30
Point6,HLA_Class_1.tif,"(2048, 2048)",uint16,0,37
Point6,IDO.tif,"(2048, 2048)",uint16,0,13
Point6,Keratin17.tif,"(2048, 2048)",uint16,0,29
Point6,Keratin6.tif,"(2048, 2048)",uint16,0,63
Point6,Ki67.tif,"(2048, 2048)",uint16,0,5
Point6,Lag3.tif,"(2048, 2048)",uint16,0,10
Point6,MPO.tif,"(2048, 2048)",uint16,0,28
Point6,Na.tif,"(2048, 2048)",uint16,0,539
Point6,OX40.tif,"(2048, 2048)",uint16,0,4
Point6,P.tif,"(2048, 2048)",uint16,0,16
Point6,p53.tif,"(2048, 2048)",uint16,0,11
Point6,Pan-Keratin.tif,"(2048, 2048)",uint16,0,18
Point6,PD-L1.tif,"(2048, 2048)",uint16,0,7
Point6,PD1.tif,"(2048, 2048)",uint16,0,5
Point6,phospho-S6.tif,"(2048, 2048)",uint16,0,11
Point6,Segmentation.tif,"(2048, 2048)",uint16,0,1
Point6,SegmentationInterior.tif,"(2048, 2048)",uint8,0,1
Point6,Si.tif,"(2048, 2048)",uint16,0,512
Point6,SMA.tif,"(2048, 2048)",uint16,0,25
Point6,Ta.tif,"(2048, 2048)",uint16,0,350
Point6,Vimentin.tif,"(2048, 2048)",uint16,0,152
Point7,Au.tif,"(2048, 2048)",uint16,0,453
Point7,B7H3.tif,"(2048, 2048)",uint16,0,0
Point7,Background.tif,"(2048, 2048)",uint16,0,33
Point7,Beta catenin.tif,"(2048, 2048)",uint16,0,11
Point7,C.tif,"(2048, 2048)",uint16,0,0
Point7,Ca.tif,"(2048, 2048)",uint16,0,509
Point7,CD11b.tif,"(2048, 2048)",uint16,0,8
Point7,CD11c.tif,"(2048, 2048)",uint16,0,11
Point7,CD138.tif,"(2048, 2048)",uint16,0,38
Point7,CD16.tif,"(2048, 2048)",uint16,0,13
Point7,CD163.tif,"(2048, 2048)",uint16,0,3
Point7,CD20.tif,"(2048, 2048)",uint16,0,0
Point7,CD209.tif,"(2048, 2048)",uint16,0,0
Point7,CD3.tif,"(2048, 2048)",uint16,0,3
Point7,CD31.tif,"(2048, 2048)",uint16,0,4
Point7,CD4.tif,"(2048, 2048)",uint16,0,4
Point7,CD45.tif,"(2048, 2048)",uint16,0,10
Point7,CD45RO.tif,"(2048, 2048)",uint16,0,6
Point7,CD56.tif,"(2048, 2048)",uint16,0,0
Point7,CD63.tif,"(2048, 2048)",uint16,0,35
Point7,CD68.tif,"(2048, 2048)",uint16,0,53
Point7,CD8.tif,"(2048, 2048)",uint16,0,7
Point7,CSF-1R.tif,"(2048, 2048)",uint16,0,6
Point7,dsDNA.tif,"(2048, 2048)",uint16,0,102
Point7,EGFR.tif,"(2048, 2048)",uint16,0,5
Point7,Fe.tif,"(2048, 2048)",uint16,0,471
Point7,FoxP3.tif,"(2048, 2048)",uint16,0,0
Point7,H3K27me3.tif,"(2048, 2048)",uint16,0,57
Point7,H3K9ac.tif,"(2048, 2048)",uint16,0,20
Point7,HLA-DR.tif,"(2048, 2048)",uint16,0,8
Point7,HLA_Class_1.tif,"(2048, 2048)",uint16,0,12
Point7,IDO.tif,"(2048, 2048)",uint16,0,4
Point7,Keratin17.tif,"(2048, 2048)",uint16,0,31
Point7,Keratin6.tif,"(2048, 2048)",uint16,0,111
Point7,Ki67.tif,"(2048, 2048)",uint16,0,5
Point7,Lag3.tif,"(2048, 2048)",uint16,0,0
Point7,MPO.tif,"(2048, 2048)",uint16,0,71
Point7,Na.tif,"(2048, 2048)",uint16,0,543
Point7,OX40.tif,"(2048, 2048)",uint16,0,0
Point7,P.tif,"(2048, 2048)",uint16,0,14
Point7,p53.tif,"(2048, 2048)",uint16,0,4
Point7,Pan-Keratin.tif,"(2048, 2048)",uint16,0,34
Point7,PD-L1.tif,"(2048, 2048)",uint16,0,4
Point7,PD1.tif,"(2048, 2048)",uint16,0,5
Point7,phospho-S6.tif,"(2048, 2048)",uint16,0,12
Point7,Segmentation.tif,"(2048, 2048)",uint16,0,1
Point7,SegmentationInterior.tif,"(2048, 2048)",uint8,0,1
Point7,Si.tif,"(2048, 2048)",uint16,0,511
Point7,SMA.tif,"(2048, 2048)",uint16,0,30
Point7,Ta.tif,"(2048, 2048)",uint16,0,306
Point7,Vimentin.tif,"(2048, 2048)",uint16,0,135
Point8,Au.tif,"(2048, 2048)",uint16,0,212
Point8,B7H3.tif,"(2048, 2048)",uint16,0,0
Point8,Background.tif,"(2048, 2048)",uint16,0,13
Point8,Beta catenin.tif,"(2048, 2048)",uint16,0,12
Point8,C.tif,"(2048, 2048)",uint16,0,0
Point8,Ca.tif,"(2048, 2048)",uint16,0,503
Point8,CD11b.tif,"(2048, 2048)",uint16,0,4
Point8,CD11c.tif,"(2048, 2048)",uint16,0,8
Point8,CD138.tif,"(2048, 2048)",uint16,0,20
Point8,CD16.tif,"(2048, 2048)",uint16,0,15
Point8,CD163.tif,"(2048, 2048)",uint16,0,0
Point8,CD20.tif,"(2048, 2048)",uint16,0,14
Point8,CD209.tif,"(2048, 2048)",uint16,0,0
Point8,CD3.tif,"(2048, 2048)",uint16,0,6
Point8,CD31.tif,"(2048, 2048)",uint16,0,3
Point8,CD4.tif,"(2048, 2048)",uint16,0,3
Point8,CD45.tif,"(2048, 2048)",uint16,0,14
Point8,CD45RO.tif,"(2048, 2048)",uint16,0,7
Point8,CD56.tif,"(2048, 2048)",uint16,0,0
Point8,CD63.tif,"(2048, 2048)",uint16,0,14
Point8,CD68.tif,"(2048, 2048)",uint16,0,22
Point8,CD8.tif,"(2048, 2048)",uint16,0,10
Point8,CSF-1R.tif,"(2048, 2048)",uint16,0,6
Point8,dsDNA.tif,"(2048, 2048)",uint16,0,64
Point8,EGFR.tif,"(2048, 2048)",uint16,0,5
Point8,Fe.tif,"(2048, 2048)",uint16,0,502
Point8,FoxP3.tif,"(2048, 2048)",uint16,0,0
Point8,H3K27me3.tif,"(2048, 2048)",uint16,0,50
Point8,H3K9ac.tif,"(2048, 2048)",uint16,0,18
Point8,HLA-DR.tif,"(2048, 2048)",uint16,0,18
Point8,HLA_Class_1.tif,"(2048, 2048)",uint16,0,23
Point8,IDO.tif,"(2048, 2048)",uint16,0,4
Point8,Keratin17.tif,"(2048, 2048)",uint16,0,51
Point8,Keratin6.tif,"(2048, 2048)",uint16,0,25
Point8,Ki67.tif,"(2048, 2048)",uint16,0,6
Point8,Lag3.tif,"(2048, 2048)",uint16,0,0
Point8,MPO.tif,"(2048, 2048)",uint16,0,11
Point8,Na.tif,"(2048, 2048)",uint16,0,530
Point8,OX40.tif,"(2048, 2048)",uint16,0,0
Point8,P.tif,"(2048, 2048)",uint16,0,17
Point8,p53.tif,"(2048, 2048)",uint16,0,0
Point8,Pan-Keratin.tif,"(2048, 2048)",uint16,0,12
Point8,PD-L1.tif,"(2048, 2048)",uint16,0,6
Point8,PD1.tif,"(2048, 2048)",uint16,0,3
Point8,phospho-S6.tif,"(2048, 2048)",uint16,0,9
Point8,Segmentation.tif,"(2048, 2048)",uint16,0,1
Point8,SegmentationInterior.tif,"(2048, 2048)",uint8,0,1
Point8,Si.tif,"(2048, 2048)",uint16,0,496
Point8,SMA.tif,"(2048, 2048)",uint16,0,39
Point8,Ta.tif,"(2048, 2048)",uint16,0,167
Point8,Vimentin.tif,"(2048, 2048)",uint16,0,78
Point9,Au.tif,"(2048, 2048)",uint16,0,432
Point9,B7H3.tif,"(2048, 2048)",uint16,0,0
Point9,Background.tif,"(2048, 2048)",uint16,0,44
Point9,Beta catenin.tif,"(2048, 2048)",uint16,0,20
Point9,C.tif,"(2048, 2048)",uint16,0,0
Point9,Ca.tif,"(2048, 2048)",uint16,0,509
Point9,CD11b.tif,"(2048, 2048)",uint16,0,20
Point9,CD11c.tif,"(2048, 2048)",uint16,0,18
Point9,CD138.tif,"(2048, 2048)",uint16,0,28
Point9,CD16.tif,"(2048, 2048)",uint16,0,40
Point9,CD163.tif,"(2048, 2048)",uint16,0,9
Point9,CD20.tif,"(2048, 2048)",uint16,0,41
Point9,CD209.tif,"(2048, 2048)",uint16,0,17
Point9,CD3.tif,"(2048, 2048)",uint16,0,11
Point9,CD31.tif,"(2048, 2048)",uint16,0,7
Point9,CD4.tif,"(2048, 2048)",uint16,0,51
Point9,CD45.tif,"(2048, 2048)",uint16,0,49
Point9,CD45RO.tif,"(2048, 2048)",uint16,0,30
Point9,CD56.tif,"(2048, 2048)",uint16,0,5
Point9,CD63.tif,"(2048, 2048)",uint16,0,32
Point9,CD68.tif,"(2048, 2048)",uint16,0,48
Point9,CD8.tif,"(2048, 2048)",uint16,0,36
Point9,CSF-1R.tif,"(2048, 2048)",uint16,0,17
Point9,dsDNA.tif,"(2048, 2048)",uint16,0,133
Point9,EGFR.tif,"(2048, 2048)",uint16,0,7
Point9,Fe.tif,"(2048, 2048)",uint16,0,505
Point9,FoxP3.tif,"(2048, 2048)",uint16,0,11
Point9,H3K27me3.tif,"(2048, 2048)",uint16,0,98
Point9,H3K9ac.tif,"(2048, 2048)",uint16,0,38
Point9,HLA-DR.tif,"(2048, 2048)",uint16,0,145
Point9,HLA_Class_1.tif,"(2048, 2048)",uint16,0,74
Point9,IDO.tif,"(2048, 2048)",uint16,0,18
Point9,Keratin17.tif,"(2048, 2048)",uint16,0,29
Point9,Keratin6.tif,"(2048, 2048)",uint16,0,83
Point9,Ki67.tif,"(2048, 2048)",uint16,0,22
Point9,Lag3.tif,"(2048, 2048)",uint16,0,15
Point9,MPO.tif,"(2048, 2048)",uint16,0,79
Point9,Na.tif,"(2048, 2048)",uint16,0,645
Point9,OX40.tif,"(2048, 2048)",uint16,0,7
Point9,P.tif,"(2048, 2048)",uint16,0,25
Point9,p53.tif,"(2048, 2048)",uint16,0,14
Point9,Pan-Keratin.tif,"(2048, 2048)",uint16,0,50
Point9,PD-L1.tif,"(2048, 2048)",uint16,0,11
Point9,PD1.tif,"(2048, 2048)",uint16,0,10
Point9,phospho-S6.tif,"(2048, 2048)",uint16,0,22
Point9,Segmentation.tif,"(2048, 2048)",uint16,0,1
Point9,SegmentationInterior.tif,"(2048, 2048)",uint8,0,1
Point9,Si.tif,"(2048, 2048)",uint16,0,512
Point9,SMA.tif,"(2048, 2048)",uint16,0,36
Point9,Ta.tif,"(2048, 2048)",uint16,0,364
Point9,Vimentin.tif,"(2048, 2048)",uint16,0,193
