Pasta,TopN_Canais,Canais_Usados,Dice_Segmentation
Point1,2,"HLA_Class_1.tif, Beta catenin.tif",0.15209306790278282
Point2,2,"HLA_Class_1.tif, Beta catenin.tif",0.12941741759052328
Point3,2,"HLA_Class_1.tif, Beta catenin.tif",0.16463965546057682
Point4,2,"HLA_Class_1.tif, Beta catenin.tif",0.17707383287607428
Point5,2,"HLA_Class_1.tif, Beta catenin.tif",0.17076908414557215
Point6,2,"HLA_Class_1.tif, Beta catenin.tif",0.1836850786653829
Point7,2,"HLA_Class_1.tif, Beta catenin.tif",0.13035841686155697
Point8,2,"HLA_Class_1.tif, Beta catenin.tif",0.13911610053324938
Point9,2,"HLA_Class_1.tif, Beta catenin.tif",0.1688537456012287
Point10,2,"HLA_Class_1.tif, Beta catenin.tif",0.15557700046492912
Point11,2,"HLA_Class_1.tif, Beta catenin.tif",0.18781259742607143
Point12,2,"HLA_Class_1.tif, Beta catenin.tif",0.20057324349397646
Point13,2,"HLA_Class_1.tif, Beta catenin.tif",0.18229283397227955
Point14,2,"HLA_Class_1.tif, Beta catenin.tif",0.19336160475242722
Point15,2,"HLA_Class_1.tif, Beta catenin.tif",0.04842566733523716
Point16,2,"HLA_Class_1.tif, Beta catenin.tif",0.1725127307110808
Point17,2,"HLA_Class_1.tif, Beta catenin.tif",0.19908509650659598
Point18,2,"HLA_Class_1.tif, Beta catenin.tif",0.2086705229942237
Point19,2,"HLA_Class_1.tif, Beta catenin.tif",0.1365162656558034
Point20,2,"HLA_Class_1.tif, Beta catenin.tif",0.1633180490266124
Point21,2,"HLA_Class_1.tif, Beta catenin.tif",0.16984001183819797
Point22,2,"HLA_Class_1.tif, Beta catenin.tif",0.03654364095085004
Point23,2,"HLA_Class_1.tif, Beta catenin.tif",0.1438949708726871
Point24,2,"HLA_Class_1.tif, Beta catenin.tif",0.16972106388954908
Point25,2,"HLA_Class_1.tif, Beta catenin.tif",0.1250802006153974
Point26,2,"HLA_Class_1.tif, Beta catenin.tif",0.1669254192275639
Point27,2,"HLA_Class_1.tif, Beta catenin.tif",0.1486280349392558
Point28,2,"HLA_Class_1.tif, Beta catenin.tif",0.20264901739179927
Point29,2,"HLA_Class_1.tif, Beta catenin.tif",0.16209706540731653
Point30,2,"HLA_Class_1.tif, Beta catenin.tif",0.23450640394562097
Point31,2,"HLA_Class_1.tif, Beta catenin.tif",0.13870975382993717
Point32,2,"HLA_Class_1.tif, Beta catenin.tif",0.16892430733180297
Point33,2,"HLA_Class_1.tif, Beta catenin.tif",0.11030952885396879
Point34,2,"HLA_Class_1.tif, Beta catenin.tif",0.14020611432174912
Point35,2,"HLA_Class_1.tif, Beta catenin.tif",0.19015132579563257
Point36,2,"HLA_Class_1.tif, Beta catenin.tif",0.11171150288126801
Point37,2,"HLA_Class_1.tif, Beta catenin.tif",0.139524510370255
Point38,2,"HLA_Class_1.tif, Beta catenin.tif",0.15113998946944435
Point39,2,"HLA_Class_1.tif, Beta catenin.tif",0.1458458224053953
Point40,2,"HLA_Class_1.tif, Beta catenin.tif",0.1577933351428586
Point41,2,"HLA_Class_1.tif, Beta catenin.tif",0.14283260250440757
Point1,3,"HLA_Class_1.tif, Beta catenin.tif, Pan-Keratin.tif",0.14090421597328506
Point2,3,"HLA_Class_1.tif, Beta catenin.tif, Pan-Keratin.tif",0.11768855402360526
Point3,3,"HLA_Class_1.tif, Beta catenin.tif, Pan-Keratin.tif",0.17078097440146145
Point4,3,"HLA_Class_1.tif, Beta catenin.tif, Pan-Keratin.tif",0.17773649171698405
Point5,3,"HLA_Class_1.tif, Beta catenin.tif, Pan-Keratin.tif",0.1739985826891182
Point6,3,"HLA_Class_1.tif, Beta catenin.tif, Pan-Keratin.tif",0.16052282988287458
Point7,3,"HLA_Class_1.tif, Beta catenin.tif, Pan-Keratin.tif",0.13232116896924762
Point8,3,"HLA_Class_1.tif, Beta catenin.tif, Pan-Keratin.tif",0.1458501293762626
Point9,3,"HLA_Class_1.tif, Beta catenin.tif, Pan-Keratin.tif",0.17326282979834262
Point10,3,"HLA_Class_1.tif, Beta catenin.tif, Pan-Keratin.tif",0.1504782867734675
Point11,3,"HLA_Class_1.tif, Beta catenin.tif, Pan-Keratin.tif",0.18438334613836754
Point12,3,"HLA_Class_1.tif, Beta catenin.tif, Pan-Keratin.tif",0.1954120432470419
Point13,3,"HLA_Class_1.tif, Beta catenin.tif, Pan-Keratin.tif",0.18490694533144192
Point14,3,"HLA_Class_1.tif, Beta catenin.tif, Pan-Keratin.tif",0.19284082355840643
Point15,3,"HLA_Class_1.tif, Beta catenin.tif, Pan-Keratin.tif",0.03331238464965315
Point16,3,"HLA_Class_1.tif, Beta catenin.tif, Pan-Keratin.tif",0.158679594499079
Point17,3,"HLA_Class_1.tif, Beta catenin.tif, Pan-Keratin.tif",0.2007378404863362
Point18,3,"HLA_Class_1.tif, Beta catenin.tif, Pan-Keratin.tif",0.20699951020966875
Point19,3,"HLA_Class_1.tif, Beta catenin.tif, Pan-Keratin.tif",0.13898992316645936
Point20,3,"HLA_Class_1.tif, Beta catenin.tif, Pan-Keratin.tif",0.1646031869900315
Point21,3,"HLA_Class_1.tif, Beta catenin.tif, Pan-Keratin.tif",0.17132818342176917
Point22,3,"HLA_Class_1.tif, Beta catenin.tif, Pan-Keratin.tif",0.09222380986456821
Point23,3,"HLA_Class_1.tif, Beta catenin.tif, Pan-Keratin.tif",0.15085223580241933
Point24,3,"HLA_Class_1.tif, Beta catenin.tif, Pan-Keratin.tif",0.16868502626359277
Point25,3,"HLA_Class_1.tif, Beta catenin.tif, Pan-Keratin.tif",0.1258319042111682
Point26,3,"HLA_Class_1.tif, Beta catenin.tif, Pan-Keratin.tif",0.17237234526979073
Point27,3,"HLA_Class_1.tif, Beta catenin.tif, Pan-Keratin.tif",0.1458667029449996
Point28,3,"HLA_Class_1.tif, Beta catenin.tif, Pan-Keratin.tif",0.1804566360169961
Point29,3,"HLA_Class_1.tif, Beta catenin.tif, Pan-Keratin.tif",0.1623180713210183
Point30,3,"HLA_Class_1.tif, Beta catenin.tif, Pan-Keratin.tif",0.20636146479881423
Point31,3,"HLA_Class_1.tif, Beta catenin.tif, Pan-Keratin.tif",0.14167440890536417
Point32,3,"HLA_Class_1.tif, Beta catenin.tif, Pan-Keratin.tif",0.16749596181560408
Point33,3,"HLA_Class_1.tif, Beta catenin.tif, Pan-Keratin.tif",0.11405736243459766
Point34,3,"HLA_Class_1.tif, Beta catenin.tif, Pan-Keratin.tif",0.13172677867595706
Point35,3,"HLA_Class_1.tif, Beta catenin.tif, Pan-Keratin.tif",0.14535368737905827
Point36,3,"HLA_Class_1.tif, Beta catenin.tif, Pan-Keratin.tif",0.1159602569017398
Point37,3,"HLA_Class_1.tif, Beta catenin.tif, Pan-Keratin.tif",0.13510760434019178
Point38,3,"HLA_Class_1.tif, Beta catenin.tif, Pan-Keratin.tif",0.15247186116423564
Point39,3,"HLA_Class_1.tif, Beta catenin.tif, Pan-Keratin.tif",0.14691816974250238
Point40,3,"HLA_Class_1.tif, Beta catenin.tif, Pan-Keratin.tif",0.13466834837518082
Point41,3,"HLA_Class_1.tif, Beta catenin.tif, Pan-Keratin.tif",0.13296664417712978
Point1,4,"HLA_Class_1.tif, Beta catenin.tif, Pan-Keratin.tif, CD45.tif",0.13894452187382947
Point2,4,"HLA_Class_1.tif, Beta catenin.tif, Pan-Keratin.tif, CD45.tif",0.11241503969685039
Point3,4,"HLA_Class_1.tif, Beta catenin.tif, Pan-Keratin.tif, CD45.tif",0.1732258186636381
Point4,4,"HLA_Class_1.tif, Beta catenin.tif, Pan-Keratin.tif, CD45.tif",0.20203894791746455
Point5,4,"HLA_Class_1.tif, Beta catenin.tif, Pan-Keratin.tif, CD45.tif",0.1739129114147054
Point6,4,"HLA_Class_1.tif, Beta catenin.tif, Pan-Keratin.tif, CD45.tif",0.1725885964096363
Point7,4,"HLA_Class_1.tif, Beta catenin.tif, Pan-Keratin.tif, CD45.tif",0.11012508010665725
Point8,4,"HLA_Class_1.tif, Beta catenin.tif, Pan-Keratin.tif, CD45.tif",0.11140858967075919
Point9,4,"HLA_Class_1.tif, Beta catenin.tif, Pan-Keratin.tif, CD45.tif",0.18443243594663025
Point10,4,"HLA_Class_1.tif, Beta catenin.tif, Pan-Keratin.tif, CD45.tif",0.1618657447014932
Point11,4,"HLA_Class_1.tif, Beta catenin.tif, Pan-Keratin.tif, CD45.tif",0.18882615156017832
Point12,4,"HLA_Class_1.tif, Beta catenin.tif, Pan-Keratin.tif, CD45.tif",0.2059417856414935
Point13,4,"HLA_Class_1.tif, Beta catenin.tif, Pan-Keratin.tif, CD45.tif",0.19228329289306187
Point14,4,"HLA_Class_1.tif, Beta catenin.tif, Pan-Keratin.tif, CD45.tif",0.19318514564389866
Point15,4,"HLA_Class_1.tif, Beta catenin.tif, Pan-Keratin.tif, CD45.tif",0.0337277124430956
Point16,4,"HLA_Class_1.tif, Beta catenin.tif, Pan-Keratin.tif, CD45.tif",0.19453036627726558
Point17,4,"HLA_Class_1.tif, Beta catenin.tif, Pan-Keratin.tif, CD45.tif",0.21263810149074597
Point18,4,"HLA_Class_1.tif, Beta catenin.tif, Pan-Keratin.tif, CD45.tif",0.20903161364159048
Point19,4,"HLA_Class_1.tif, Beta catenin.tif, Pan-Keratin.tif, CD45.tif",0.13902529344912862
Point20,4,"HLA_Class_1.tif, Beta catenin.tif, Pan-Keratin.tif, CD45.tif",0.1657427603557607
Point21,4,"HLA_Class_1.tif, Beta catenin.tif, Pan-Keratin.tif, CD45.tif",0.1739687639534096
Point22,4,"HLA_Class_1.tif, Beta catenin.tif, Pan-Keratin.tif, CD45.tif",0.11189610171089956
Point23,4,"HLA_Class_1.tif, Beta catenin.tif, Pan-Keratin.tif, CD45.tif",0.15138768661357757
Point24,4,"HLA_Class_1.tif, Beta catenin.tif, Pan-Keratin.tif, CD45.tif",0.1680646170167529
Point25,4,"HLA_Class_1.tif, Beta catenin.tif, Pan-Keratin.tif, CD45.tif",0.12793593809581383
Point26,4,"HLA_Class_1.tif, Beta catenin.tif, Pan-Keratin.tif, CD45.tif",0.1725314713544952
Point27,4,"HLA_Class_1.tif, Beta catenin.tif, Pan-Keratin.tif, CD45.tif",0.14901723375408732
Point28,4,"HLA_Class_1.tif, Beta catenin.tif, Pan-Keratin.tif, CD45.tif",0.216626946729365
Point29,4,"HLA_Class_1.tif, Beta catenin.tif, Pan-Keratin.tif, CD45.tif",0.1656395360157097
Point30,4,"HLA_Class_1.tif, Beta catenin.tif, Pan-Keratin.tif, CD45.tif",0.24260948149661854
Point31,4,"HLA_Class_1.tif, Beta catenin.tif, Pan-Keratin.tif, CD45.tif",0.1417373998073393
Point32,4,"HLA_Class_1.tif, Beta catenin.tif, Pan-Keratin.tif, CD45.tif",0.17862270727483973
Point33,4,"HLA_Class_1.tif, Beta catenin.tif, Pan-Keratin.tif, CD45.tif",0.11461297058356636
Point34,4,"HLA_Class_1.tif, Beta catenin.tif, Pan-Keratin.tif, CD45.tif",0.13300589077235597
Point35,4,"HLA_Class_1.tif, Beta catenin.tif, Pan-Keratin.tif, CD45.tif",0.19861434093758598
Point36,4,"HLA_Class_1.tif, Beta catenin.tif, Pan-Keratin.tif, CD45.tif",0.1246814711425756
Point37,4,"HLA_Class_1.tif, Beta catenin.tif, Pan-Keratin.tif, CD45.tif",0.1652365464725852
Point38,4,"HLA_Class_1.tif, Beta catenin.tif, Pan-Keratin.tif, CD45.tif",0.14954853679227256
Point39,4,"HLA_Class_1.tif, Beta catenin.tif, Pan-Keratin.tif, CD45.tif",0.15233528828435694
Point40,4,"HLA_Class_1.tif, Beta catenin.tif, Pan-Keratin.tif, CD45.tif",0.16381654446473293
Point41,4,"HLA_Class_1.tif, Beta catenin.tif, Pan-Keratin.tif, CD45.tif",0.14597649899982826
Point1,5,"HLA_Class_1.tif, Beta catenin.tif, Pan-Keratin.tif, CD45.tif, phospho-S6.tif",0.1163134950371138
Point2,5,"HLA_Class_1.tif, Beta catenin.tif, Pan-Keratin.tif, CD45.tif, phospho-S6.tif",0.11294299985263824
Point3,5,"HLA_Class_1.tif, Beta catenin.tif, Pan-Keratin.tif, CD45.tif, phospho-S6.tif",0.17166943069943105
Point4,5,"HLA_Class_1.tif, Beta catenin.tif, Pan-Keratin.tif, CD45.tif, phospho-S6.tif",0.19070728434833165
Point5,5,"HLA_Class_1.tif, Beta catenin.tif, Pan-Keratin.tif, CD45.tif, phospho-S6.tif",0.16920753020388135
Point6,5,"HLA_Class_1.tif, Beta catenin.tif, Pan-Keratin.tif, CD45.tif, phospho-S6.tif",0.16591442472181217
Point7,5,"HLA_Class_1.tif, Beta catenin.tif, Pan-Keratin.tif, CD45.tif, phospho-S6.tif",0.11814898492548608
Point8,5,"HLA_Class_1.tif, Beta catenin.tif, Pan-Keratin.tif, CD45.tif, phospho-S6.tif",0.11567001784393088
Point9,5,"HLA_Class_1.tif, Beta catenin.tif, Pan-Keratin.tif, CD45.tif, phospho-S6.tif",0.17575131821605755
Point10,5,"HLA_Class_1.tif, Beta catenin.tif, Pan-Keratin.tif, CD45.tif, phospho-S6.tif",0.16349554628421034
Point11,5,"HLA_Class_1.tif, Beta catenin.tif, Pan-Keratin.tif, CD45.tif, phospho-S6.tif",0.16545326145444061
Point12,5,"HLA_Class_1.tif, Beta catenin.tif, Pan-Keratin.tif, CD45.tif, phospho-S6.tif",0.1966390451432471
Point13,5,"HLA_Class_1.tif, Beta catenin.tif, Pan-Keratin.tif, CD45.tif, phospho-S6.tif",0.18695146061602705
Point14,5,"HLA_Class_1.tif, Beta catenin.tif, Pan-Keratin.tif, CD45.tif, phospho-S6.tif",0.17935174187108477
Point15,5,"HLA_Class_1.tif, Beta catenin.tif, Pan-Keratin.tif, CD45.tif, phospho-S6.tif",0.05967562082833482
Point16,5,"HLA_Class_1.tif, Beta catenin.tif, Pan-Keratin.tif, CD45.tif, phospho-S6.tif",0.1808741391805212
Point17,5,"HLA_Class_1.tif, Beta catenin.tif, Pan-Keratin.tif, CD45.tif, phospho-S6.tif",0.2102365108673944
Point18,5,"HLA_Class_1.tif, Beta catenin.tif, Pan-Keratin.tif, CD45.tif, phospho-S6.tif",0.18208340961327846
Point19,5,"HLA_Class_1.tif, Beta catenin.tif, Pan-Keratin.tif, CD45.tif, phospho-S6.tif",0.13580027749618093
Point20,5,"HLA_Class_1.tif, Beta catenin.tif, Pan-Keratin.tif, CD45.tif, phospho-S6.tif",0.16076686211071353
Point21,5,"HLA_Class_1.tif, Beta catenin.tif, Pan-Keratin.tif, CD45.tif, phospho-S6.tif",0.18295296440096445
Point22,5,"HLA_Class_1.tif, Beta catenin.tif, Pan-Keratin.tif, CD45.tif, phospho-S6.tif",0.08252272664867993
Point23,5,"HLA_Class_1.tif, Beta catenin.tif, Pan-Keratin.tif, CD45.tif, phospho-S6.tif",0.1579743288500484
Point24,5,"HLA_Class_1.tif, Beta catenin.tif, Pan-Keratin.tif, CD45.tif, phospho-S6.tif",0.16026653052913628
Point25,5,"HLA_Class_1.tif, Beta catenin.tif, Pan-Keratin.tif, CD45.tif, phospho-S6.tif",0.12480867094045338
Point26,5,"HLA_Class_1.tif, Beta catenin.tif, Pan-Keratin.tif, CD45.tif, phospho-S6.tif",0.12124971495440678
Point27,5,"HLA_Class_1.tif, Beta catenin.tif, Pan-Keratin.tif, CD45.tif, phospho-S6.tif",0.14920717442162723
Point28,5,"HLA_Class_1.tif, Beta catenin.tif, Pan-Keratin.tif, CD45.tif, phospho-S6.tif",0.21191776675492824
Point29,5,"HLA_Class_1.tif, Beta catenin.tif, Pan-Keratin.tif, CD45.tif, phospho-S6.tif",0.16841302678125927
Point30,5,"HLA_Class_1.tif, Beta catenin.tif, Pan-Keratin.tif, CD45.tif, phospho-S6.tif",0.241175810871822
Point31,5,"HLA_Class_1.tif, Beta catenin.tif, Pan-Keratin.tif, CD45.tif, phospho-S6.tif",0.1351936521202111
Point32,5,"HLA_Class_1.tif, Beta catenin.tif, Pan-Keratin.tif, CD45.tif, phospho-S6.tif",0.17241894097389812
Point33,5,"HLA_Class_1.tif, Beta catenin.tif, Pan-Keratin.tif, CD45.tif, phospho-S6.tif",0.11252649825019759
Point34,5,"HLA_Class_1.tif, Beta catenin.tif, Pan-Keratin.tif, CD45.tif, phospho-S6.tif",0.13464415217625447
Point35,5,"HLA_Class_1.tif, Beta catenin.tif, Pan-Keratin.tif, CD45.tif, phospho-S6.tif",0.18980347966429462
Point36,5,"HLA_Class_1.tif, Beta catenin.tif, Pan-Keratin.tif, CD45.tif, phospho-S6.tif",0.11623644474308005
Point37,5,"HLA_Class_1.tif, Beta catenin.tif, Pan-Keratin.tif, CD45.tif, phospho-S6.tif",0.16353714142103185
Point38,5,"HLA_Class_1.tif, Beta catenin.tif, Pan-Keratin.tif, CD45.tif, phospho-S6.tif",0.1425650313710844
Point39,5,"HLA_Class_1.tif, Beta catenin.tif, Pan-Keratin.tif, CD45.tif, phospho-S6.tif",0.14867534314523798
Point40,5,"HLA_Class_1.tif, Beta catenin.tif, Pan-Keratin.tif, CD45.tif, phospho-S6.tif",0.15480800235658604
Point41,5,"HLA_Class_1.tif, Beta catenin.tif, Pan-Keratin.tif, CD45.tif, phospho-S6.tif",0.1452936586600308
Point1,6,"HLA_Class_1.tif, Beta catenin.tif, Pan-Keratin.tif, CD45.tif, phospho-S6.tif, Vimentin.tif",0.11812652437866136
Point2,6,"HLA_Class_1.tif, Beta catenin.tif, Pan-Keratin.tif, CD45.tif, phospho-S6.tif, Vimentin.tif",0.11961193197235025
Point3,6,"HLA_Class_1.tif, Beta catenin.tif, Pan-Keratin.tif, CD45.tif, phospho-S6.tif, Vimentin.tif",0.1790579669324591
Point4,6,"HLA_Class_1.tif, Beta catenin.tif, Pan-Keratin.tif, CD45.tif, phospho-S6.tif, Vimentin.tif",0.1968507844518534
Point5,6,"HLA_Class_1.tif, Beta catenin.tif, Pan-Keratin.tif, CD45.tif, phospho-S6.tif, Vimentin.tif",0.17569743900625664
Point6,6,"HLA_Class_1.tif, Beta catenin.tif, Pan-Keratin.tif, CD45.tif, phospho-S6.tif, Vimentin.tif",0.17050192291554522
Point7,6,"HLA_Class_1.tif, Beta catenin.tif, Pan-Keratin.tif, CD45.tif, phospho-S6.tif, Vimentin.tif",0.11667086202416525
Point8,6,"HLA_Class_1.tif, Beta catenin.tif, Pan-Keratin.tif, CD45.tif, phospho-S6.tif, Vimentin.tif",0.11999923881079859
Point9,6,"HLA_Class_1.tif, Beta catenin.tif, Pan-Keratin.tif, CD45.tif, phospho-S6.tif, Vimentin.tif",0.17858918308076246
Point10,6,"HLA_Class_1.tif, Beta catenin.tif, Pan-Keratin.tif, CD45.tif, phospho-S6.tif, Vimentin.tif",0.16926391588938883
Point11,6,"HLA_Class_1.tif, Beta catenin.tif, Pan-Keratin.tif, CD45.tif, phospho-S6.tif, Vimentin.tif",0.16712271444298937
Point12,6,"HLA_Class_1.tif, Beta catenin.tif, Pan-Keratin.tif, CD45.tif, phospho-S6.tif, Vimentin.tif",0.20018598000427593
Point13,6,"HLA_Class_1.tif, Beta catenin.tif, Pan-Keratin.tif, CD45.tif, phospho-S6.tif, Vimentin.tif",0.1937290463341426
Point14,6,"HLA_Class_1.tif, Beta catenin.tif, Pan-Keratin.tif, CD45.tif, phospho-S6.tif, Vimentin.tif",0.17690848874146967
Point15,6,"HLA_Class_1.tif, Beta catenin.tif, Pan-Keratin.tif, CD45.tif, phospho-S6.tif, Vimentin.tif",0.06001616942401357
Point16,6,"HLA_Class_1.tif, Beta catenin.tif, Pan-Keratin.tif, CD45.tif, phospho-S6.tif, Vimentin.tif",0.1859059660831049
Point17,6,"HLA_Class_1.tif, Beta catenin.tif, Pan-Keratin.tif, CD45.tif, phospho-S6.tif, Vimentin.tif",0.21375184206933243
Point18,6,"HLA_Class_1.tif, Beta catenin.tif, Pan-Keratin.tif, CD45.tif, phospho-S6.tif, Vimentin.tif",0.18425530919880073
Point19,6,"HLA_Class_1.tif, Beta catenin.tif, Pan-Keratin.tif, CD45.tif, phospho-S6.tif, Vimentin.tif",0.14865179912589013
Point20,6,"HLA_Class_1.tif, Beta catenin.tif, Pan-Keratin.tif, CD45.tif, phospho-S6.tif, Vimentin.tif",0.15765028163958808
Point21,6,"HLA_Class_1.tif, Beta catenin.tif, Pan-Keratin.tif, CD45.tif, phospho-S6.tif, Vimentin.tif",0.1828069561063739
Point22,6,"HLA_Class_1.tif, Beta catenin.tif, Pan-Keratin.tif, CD45.tif, phospho-S6.tif, Vimentin.tif",0.08271803157462887
Point23,6,"HLA_Class_1.tif, Beta catenin.tif, Pan-Keratin.tif, CD45.tif, phospho-S6.tif, Vimentin.tif",0.15883259452582507
Point24,6,"HLA_Class_1.tif, Beta catenin.tif, Pan-Keratin.tif, CD45.tif, phospho-S6.tif, Vimentin.tif",0.16003923711099358
Point25,6,"HLA_Class_1.tif, Beta catenin.tif, Pan-Keratin.tif, CD45.tif, phospho-S6.tif, Vimentin.tif",0.12969195132566308
Point26,6,"HLA_Class_1.tif, Beta catenin.tif, Pan-Keratin.tif, CD45.tif, phospho-S6.tif, Vimentin.tif",0.13932210546718168
Point27,6,"HLA_Class_1.tif, Beta catenin.tif, Pan-Keratin.tif, CD45.tif, phospho-S6.tif, Vimentin.tif",0.14950687848377972
Point28,6,"HLA_Class_1.tif, Beta catenin.tif, Pan-Keratin.tif, CD45.tif, phospho-S6.tif, Vimentin.tif",0.21469412980987107
Point29,6,"HLA_Class_1.tif, Beta catenin.tif, Pan-Keratin.tif, CD45.tif, phospho-S6.tif, Vimentin.tif",0.1714460960688292
Point30,6,"HLA_Class_1.tif, Beta catenin.tif, Pan-Keratin.tif, CD45.tif, phospho-S6.tif, Vimentin.tif",0.24396619608543527
Point31,6,"HLA_Class_1.tif, Beta catenin.tif, Pan-Keratin.tif, CD45.tif, phospho-S6.tif, Vimentin.tif",0.13185217126449764
Point32,6,"HLA_Class_1.tif, Beta catenin.tif, Pan-Keratin.tif, CD45.tif, phospho-S6.tif, Vimentin.tif",0.17494369016654637
Point33,6,"HLA_Class_1.tif, Beta catenin.tif, Pan-Keratin.tif, CD45.tif, phospho-S6.tif, Vimentin.tif",0.11119842526027852
Point34,6,"HLA_Class_1.tif, Beta catenin.tif, Pan-Keratin.tif, CD45.tif, phospho-S6.tif, Vimentin.tif",0.13482172484890514
Point35,6,"HLA_Class_1.tif, Beta catenin.tif, Pan-Keratin.tif, CD45.tif, phospho-S6.tif, Vimentin.tif",0.19605106127551258
Point36,6,"HLA_Class_1.tif, Beta catenin.tif, Pan-Keratin.tif, CD45.tif, phospho-S6.tif, Vimentin.tif",0.12098756585795978
Point37,6,"HLA_Class_1.tif, Beta catenin.tif, Pan-Keratin.tif, CD45.tif, phospho-S6.tif, Vimentin.tif",0.16932285864363927
Point38,6,"HLA_Class_1.tif, Beta catenin.tif, Pan-Keratin.tif, CD45.tif, phospho-S6.tif, Vimentin.tif",0.13572593407041214
Point39,6,"HLA_Class_1.tif, Beta catenin.tif, Pan-Keratin.tif, CD45.tif, phospho-S6.tif, Vimentin.tif",0.1490688975139767
Point40,6,"HLA_Class_1.tif, Beta catenin.tif, Pan-Keratin.tif, CD45.tif, phospho-S6.tif, Vimentin.tif",0.16042170120642527
Point41,6,"HLA_Class_1.tif, Beta catenin.tif, Pan-Keratin.tif, CD45.tif, phospho-S6.tif, Vimentin.tif",0.15030632135895294
Point1,7,"HLA_Class_1.tif, Beta catenin.tif, Pan-Keratin.tif, CD45.tif, phospho-S6.tif, Vimentin.tif, HLA-DR.tif",0.12272621311129081
Point2,7,"HLA_Class_1.tif, Beta catenin.tif, Pan-Keratin.tif, CD45.tif, phospho-S6.tif, Vimentin.tif, HLA-DR.tif",0.12078242354671795
Point3,7,"HLA_Class_1.tif, Beta catenin.tif, Pan-Keratin.tif, CD45.tif, phospho-S6.tif, Vimentin.tif, HLA-DR.tif",0.17939435722081132
Point4,7,"HLA_Class_1.tif, Beta catenin.tif, Pan-Keratin.tif, CD45.tif, phospho-S6.tif, Vimentin.tif, HLA-DR.tif",0.19696750953169467
Point5,7,"HLA_Class_1.tif, Beta catenin.tif, Pan-Keratin.tif, CD45.tif, phospho-S6.tif, Vimentin.tif, HLA-DR.tif",0.17498664103045844
Point6,7,"HLA_Class_1.tif, Beta catenin.tif, Pan-Keratin.tif, CD45.tif, phospho-S6.tif, Vimentin.tif, HLA-DR.tif",0.17209223828939121
Point7,7,"HLA_Class_1.tif, Beta catenin.tif, Pan-Keratin.tif, CD45.tif, phospho-S6.tif, Vimentin.tif, HLA-DR.tif",0.116707098407341
Point8,7,"HLA_Class_1.tif, Beta catenin.tif, Pan-Keratin.tif, CD45.tif, phospho-S6.tif, Vimentin.tif, HLA-DR.tif",0.12210972533632287
Point9,7,"HLA_Class_1.tif, Beta catenin.tif, Pan-Keratin.tif, CD45.tif, phospho-S6.tif, Vimentin.tif, HLA-DR.tif",0.1813483432901939
Point10,7,"HLA_Class_1.tif, Beta catenin.tif, Pan-Keratin.tif, CD45.tif, phospho-S6.tif, Vimentin.tif, HLA-DR.tif",0.1692275125912955
Point11,7,"HLA_Class_1.tif, Beta catenin.tif, Pan-Keratin.tif, CD45.tif, phospho-S6.tif, Vimentin.tif, HLA-DR.tif",0.16645700570553762
Point12,7,"HLA_Class_1.tif, Beta catenin.tif, Pan-Keratin.tif, CD45.tif, phospho-S6.tif, Vimentin.tif, HLA-DR.tif",0.20215298970455078
Point13,7,"HLA_Class_1.tif, Beta catenin.tif, Pan-Keratin.tif, CD45.tif, phospho-S6.tif, Vimentin.tif, HLA-DR.tif",0.19589610347288938
Point14,7,"HLA_Class_1.tif, Beta catenin.tif, Pan-Keratin.tif, CD45.tif, phospho-S6.tif, Vimentin.tif, HLA-DR.tif",0.1759447360468417
Point15,7,"HLA_Class_1.tif, Beta catenin.tif, Pan-Keratin.tif, CD45.tif, phospho-S6.tif, Vimentin.tif, HLA-DR.tif",0.06242280839236034
Point16,7,"HLA_Class_1.tif, Beta catenin.tif, Pan-Keratin.tif, CD45.tif, phospho-S6.tif, Vimentin.tif, HLA-DR.tif",0.18596577380102666
Point17,7,"HLA_Class_1.tif, Beta catenin.tif, Pan-Keratin.tif, CD45.tif, phospho-S6.tif, Vimentin.tif, HLA-DR.tif",0.21198950200051936
Point18,7,"HLA_Class_1.tif, Beta catenin.tif, Pan-Keratin.tif, CD45.tif, phospho-S6.tif, Vimentin.tif, HLA-DR.tif",0.18058354787952044
Point19,7,"HLA_Class_1.tif, Beta catenin.tif, Pan-Keratin.tif, CD45.tif, phospho-S6.tif, Vimentin.tif, HLA-DR.tif",0.14645932625270244
Point20,7,"HLA_Class_1.tif, Beta catenin.tif, Pan-Keratin.tif, CD45.tif, phospho-S6.tif, Vimentin.tif, HLA-DR.tif",0.156583099201735
Point21,7,"HLA_Class_1.tif, Beta catenin.tif, Pan-Keratin.tif, CD45.tif, phospho-S6.tif, Vimentin.tif, HLA-DR.tif",0.1828381636950641
Point22,7,"HLA_Class_1.tif, Beta catenin.tif, Pan-Keratin.tif, CD45.tif, phospho-S6.tif, Vimentin.tif, HLA-DR.tif",0.07312533818536424
Point23,7,"HLA_Class_1.tif, Beta catenin.tif, Pan-Keratin.tif, CD45.tif, phospho-S6.tif, Vimentin.tif, HLA-DR.tif",0.15849116787503126
Point24,7,"HLA_Class_1.tif, Beta catenin.tif, Pan-Keratin.tif, CD45.tif, phospho-S6.tif, Vimentin.tif, HLA-DR.tif",0.15839924743314568
Point25,7,"HLA_Class_1.tif, Beta catenin.tif, Pan-Keratin.tif, CD45.tif, phospho-S6.tif, Vimentin.tif, HLA-DR.tif",0.1288355992249759
Point26,7,"HLA_Class_1.tif, Beta catenin.tif, Pan-Keratin.tif, CD45.tif, phospho-S6.tif, Vimentin.tif, HLA-DR.tif",0.13938188772399024
Point27,7,"HLA_Class_1.tif, Beta catenin.tif, Pan-Keratin.tif, CD45.tif, phospho-S6.tif, Vimentin.tif, HLA-DR.tif",0.14886107802631626
Point28,7,"HLA_Class_1.tif, Beta catenin.tif, Pan-Keratin.tif, CD45.tif, phospho-S6.tif, Vimentin.tif, HLA-DR.tif",0.21864283282835528
Point29,7,"HLA_Class_1.tif, Beta catenin.tif, Pan-Keratin.tif, CD45.tif, phospho-S6.tif, Vimentin.tif, HLA-DR.tif",0.17014960705953444
Point30,7,"HLA_Class_1.tif, Beta catenin.tif, Pan-Keratin.tif, CD45.tif, phospho-S6.tif, Vimentin.tif, HLA-DR.tif",0.24573451807637522
Point31,7,"HLA_Class_1.tif, Beta catenin.tif, Pan-Keratin.tif, CD45.tif, phospho-S6.tif, Vimentin.tif, HLA-DR.tif",0.13137885037360508
Point32,7,"HLA_Class_1.tif, Beta catenin.tif, Pan-Keratin.tif, CD45.tif, phospho-S6.tif, Vimentin.tif, HLA-DR.tif",0.178023239595292
Point33,7,"HLA_Class_1.tif, Beta catenin.tif, Pan-Keratin.tif, CD45.tif, phospho-S6.tif, Vimentin.tif, HLA-DR.tif",0.11119387661296073
Point34,7,"HLA_Class_1.tif, Beta catenin.tif, Pan-Keratin.tif, CD45.tif, phospho-S6.tif, Vimentin.tif, HLA-DR.tif",0.13760758262464787
Point35,7,"HLA_Class_1.tif, Beta catenin.tif, Pan-Keratin.tif, CD45.tif, phospho-S6.tif, Vimentin.tif, HLA-DR.tif",0.20133814120467305
Point36,7,"HLA_Class_1.tif, Beta catenin.tif, Pan-Keratin.tif, CD45.tif, phospho-S6.tif, Vimentin.tif, HLA-DR.tif",0.12152762917902159
Point37,7,"HLA_Class_1.tif, Beta catenin.tif, Pan-Keratin.tif, CD45.tif, phospho-S6.tif, Vimentin.tif, HLA-DR.tif",0.1702792691417993
Point38,7,"HLA_Class_1.tif, Beta catenin.tif, Pan-Keratin.tif, CD45.tif, phospho-S6.tif, Vimentin.tif, HLA-DR.tif",0.13342977430889308
Point39,7,"HLA_Class_1.tif, Beta catenin.tif, Pan-Keratin.tif, CD45.tif, phospho-S6.tif, Vimentin.tif, HLA-DR.tif",0.15057949162752066
Point40,7,"HLA_Class_1.tif, Beta catenin.tif, Pan-Keratin.tif, CD45.tif, phospho-S6.tif, Vimentin.tif, HLA-DR.tif",0.1626934446450708
Point41,7,"HLA_Class_1.tif, Beta catenin.tif, Pan-Keratin.tif, CD45.tif, phospho-S6.tif, Vimentin.tif, HLA-DR.tif",0.1533313844848735
Point1,8,"HLA_Class_1.tif, Beta catenin.tif, Pan-Keratin.tif, CD45.tif, phospho-S6.tif, Vimentin.tif, HLA-DR.tif, CD45RO.tif",0.12284406480494954
Point2,8,"HLA_Class_1.tif, Beta catenin.tif, Pan-Keratin.tif, CD45.tif, phospho-S6.tif, Vimentin.tif, HLA-DR.tif, CD45RO.tif",0.12015056328291768
Point3,8,"HLA_Class_1.tif, Beta catenin.tif, Pan-Keratin.tif, CD45.tif, phospho-S6.tif, Vimentin.tif, HLA-DR.tif, CD45RO.tif",0.17613154226936137
Point4,8,"HLA_Class_1.tif, Beta catenin.tif, Pan-Keratin.tif, CD45.tif, phospho-S6.tif, Vimentin.tif, HLA-DR.tif, CD45RO.tif",0.1923303018320812
Point5,8,"HLA_Class_1.tif, Beta catenin.tif, Pan-Keratin.tif, CD45.tif, phospho-S6.tif, Vimentin.tif, HLA-DR.tif, CD45RO.tif",0.17506532288167226
Point6,8,"HLA_Class_1.tif, Beta catenin.tif, Pan-Keratin.tif, CD45.tif, phospho-S6.tif, Vimentin.tif, HLA-DR.tif, CD45RO.tif",0.1702616574368385
Point7,8,"HLA_Class_1.tif, Beta catenin.tif, Pan-Keratin.tif, CD45.tif, phospho-S6.tif, Vimentin.tif, HLA-DR.tif, CD45RO.tif",0.11669257910678611
Point8,8,"HLA_Class_1.tif, Beta catenin.tif, Pan-Keratin.tif, CD45.tif, phospho-S6.tif, Vimentin.tif, HLA-DR.tif, CD45RO.tif",0.12249172162001529
Point9,8,"HLA_Class_1.tif, Beta catenin.tif, Pan-Keratin.tif, CD45.tif, phospho-S6.tif, Vimentin.tif, HLA-DR.tif, CD45RO.tif",0.18361829718096112
Point10,8,"HLA_Class_1.tif, Beta catenin.tif, Pan-Keratin.tif, CD45.tif, phospho-S6.tif, Vimentin.tif, HLA-DR.tif, CD45RO.tif",0.16955353251811658
Point11,8,"HLA_Class_1.tif, Beta catenin.tif, Pan-Keratin.tif, CD45.tif, phospho-S6.tif, Vimentin.tif, HLA-DR.tif, CD45RO.tif",0.16620536882229683
Point12,8,"HLA_Class_1.tif, Beta catenin.tif, Pan-Keratin.tif, CD45.tif, phospho-S6.tif, Vimentin.tif, HLA-DR.tif, CD45RO.tif",0.2032391198961998
Point13,8,"HLA_Class_1.tif, Beta catenin.tif, Pan-Keratin.tif, CD45.tif, phospho-S6.tif, Vimentin.tif, HLA-DR.tif, CD45RO.tif",0.19277221761113691
Point14,8,"HLA_Class_1.tif, Beta catenin.tif, Pan-Keratin.tif, CD45.tif, phospho-S6.tif, Vimentin.tif, HLA-DR.tif, CD45RO.tif",0.17294854201230295
Point15,8,"HLA_Class_1.tif, Beta catenin.tif, Pan-Keratin.tif, CD45.tif, phospho-S6.tif, Vimentin.tif, HLA-DR.tif, CD45RO.tif",0.07301530444227469
Point16,8,"HLA_Class_1.tif, Beta catenin.tif, Pan-Keratin.tif, CD45.tif, phospho-S6.tif, Vimentin.tif, HLA-DR.tif, CD45RO.tif",0.18529632556693149
Point17,8,"HLA_Class_1.tif, Beta catenin.tif, Pan-Keratin.tif, CD45.tif, phospho-S6.tif, Vimentin.tif, HLA-DR.tif, CD45RO.tif",0.20750782134372658
Point18,8,"HLA_Class_1.tif, Beta catenin.tif, Pan-Keratin.tif, CD45.tif, phospho-S6.tif, Vimentin.tif, HLA-DR.tif, CD45RO.tif",0.17833121003520097
Point19,8,"HLA_Class_1.tif, Beta catenin.tif, Pan-Keratin.tif, CD45.tif, phospho-S6.tif, Vimentin.tif, HLA-DR.tif, CD45RO.tif",0.14612958587794767
Point20,8,"HLA_Class_1.tif, Beta catenin.tif, Pan-Keratin.tif, CD45.tif, phospho-S6.tif, Vimentin.tif, HLA-DR.tif, CD45RO.tif",0.15757678631824695
Point21,8,"HLA_Class_1.tif, Beta catenin.tif, Pan-Keratin.tif, CD45.tif, phospho-S6.tif, Vimentin.tif, HLA-DR.tif, CD45RO.tif",0.18288591089346612
Point22,8,"HLA_Class_1.tif, Beta catenin.tif, Pan-Keratin.tif, CD45.tif, phospho-S6.tif, Vimentin.tif, HLA-DR.tif, CD45RO.tif",0.07994728943871626
Point23,8,"HLA_Class_1.tif, Beta catenin.tif, Pan-Keratin.tif, CD45.tif, phospho-S6.tif, Vimentin.tif, HLA-DR.tif, CD45RO.tif",0.15522043166475163
Point24,8,"HLA_Class_1.tif, Beta catenin.tif, Pan-Keratin.tif, CD45.tif, phospho-S6.tif, Vimentin.tif, HLA-DR.tif, CD45RO.tif",0.1553424331396402
Point25,8,"HLA_Class_1.tif, Beta catenin.tif, Pan-Keratin.tif, CD45.tif, phospho-S6.tif, Vimentin.tif, HLA-DR.tif, CD45RO.tif",0.12901628681360286
Point26,8,"HLA_Class_1.tif, Beta catenin.tif, Pan-Keratin.tif, CD45.tif, phospho-S6.tif, Vimentin.tif, HLA-DR.tif, CD45RO.tif",0.1399010662066512
Point27,8,"HLA_Class_1.tif, Beta catenin.tif, Pan-Keratin.tif, CD45.tif, phospho-S6.tif, Vimentin.tif, HLA-DR.tif, CD45RO.tif",0.14850482676588553
Point28,8,"HLA_Class_1.tif, Beta catenin.tif, Pan-Keratin.tif, CD45.tif, phospho-S6.tif, Vimentin.tif, HLA-DR.tif, CD45RO.tif",0.21843248803022844
Point29,8,"HLA_Class_1.tif, Beta catenin.tif, Pan-Keratin.tif, CD45.tif, phospho-S6.tif, Vimentin.tif, HLA-DR.tif, CD45RO.tif",0.16896312092223506
Point30,8,"HLA_Class_1.tif, Beta catenin.tif, Pan-Keratin.tif, CD45.tif, phospho-S6.tif, Vimentin.tif, HLA-DR.tif, CD45RO.tif",0.2446804922146963
Point31,8,"HLA_Class_1.tif, Beta catenin.tif, Pan-Keratin.tif, CD45.tif, phospho-S6.tif, Vimentin.tif, HLA-DR.tif, CD45RO.tif",0.13025879001764926
Point32,8,"HLA_Class_1.tif, Beta catenin.tif, Pan-Keratin.tif, CD45.tif, phospho-S6.tif, Vimentin.tif, HLA-DR.tif, CD45RO.tif",0.17986663509596001
Point33,8,"HLA_Class_1.tif, Beta catenin.tif, Pan-Keratin.tif, CD45.tif, phospho-S6.tif, Vimentin.tif, HLA-DR.tif, CD45RO.tif",0.111273246714191
Point34,8,"HLA_Class_1.tif, Beta catenin.tif, Pan-Keratin.tif, CD45.tif, phospho-S6.tif, Vimentin.tif, HLA-DR.tif, CD45RO.tif",0.13879817662866634
Point35,8,"HLA_Class_1.tif, Beta catenin.tif, Pan-Keratin.tif, CD45.tif, phospho-S6.tif, Vimentin.tif, HLA-DR.tif, CD45RO.tif",0.20707553537629936
Point36,8,"HLA_Class_1.tif, Beta catenin.tif, Pan-Keratin.tif, CD45.tif, phospho-S6.tif, Vimentin.tif, HLA-DR.tif, CD45RO.tif",0.12330553592268959
Point37,8,"HLA_Class_1.tif, Beta catenin.tif, Pan-Keratin.tif, CD45.tif, phospho-S6.tif, Vimentin.tif, HLA-DR.tif, CD45RO.tif",0.16971748270794443
Point38,8,"HLA_Class_1.tif, Beta catenin.tif, Pan-Keratin.tif, CD45.tif, phospho-S6.tif, Vimentin.tif, HLA-DR.tif, CD45RO.tif",0.1335327757488537
Point39,8,"HLA_Class_1.tif, Beta catenin.tif, Pan-Keratin.tif, CD45.tif, phospho-S6.tif, Vimentin.tif, HLA-DR.tif, CD45RO.tif",0.15229825184721277
Point40,8,"HLA_Class_1.tif, Beta catenin.tif, Pan-Keratin.tif, CD45.tif, phospho-S6.tif, Vimentin.tif, HLA-DR.tif, CD45RO.tif",0.16161239628410964
Point41,8,"HLA_Class_1.tif, Beta catenin.tif, Pan-Keratin.tif, CD45.tif, phospho-S6.tif, Vimentin.tif, HLA-DR.tif, CD45RO.tif",0.1537319340490763
Point1,9,"HLA_Class_1.tif, Beta catenin.tif, Pan-Keratin.tif, CD45.tif, phospho-S6.tif, Vimentin.tif, HLA-DR.tif, CD45RO.tif, P.tif",0.10366926616224381
Point2,9,"HLA_Class_1.tif, Beta catenin.tif, Pan-Keratin.tif, CD45.tif, phospho-S6.tif, Vimentin.tif, HLA-DR.tif, CD45RO.tif, P.tif",0.09920014388417324
Point3,9,"HLA_Class_1.tif, Beta catenin.tif, Pan-Keratin.tif, CD45.tif, phospho-S6.tif, Vimentin.tif, HLA-DR.tif, CD45RO.tif, P.tif",0.14958312720516817
Point4,9,"HLA_Class_1.tif, Beta catenin.tif, Pan-Keratin.tif, CD45.tif, phospho-S6.tif, Vimentin.tif, HLA-DR.tif, CD45RO.tif, P.tif",0.1445759646279992
Point5,9,"HLA_Class_1.tif, Beta catenin.tif, Pan-Keratin.tif, CD45.tif, phospho-S6.tif, Vimentin.tif, HLA-DR.tif, CD45RO.tif, P.tif",0.14550214221555696
Point6,9,"HLA_Class_1.tif, Beta catenin.tif, Pan-Keratin.tif, CD45.tif, phospho-S6.tif, Vimentin.tif, HLA-DR.tif, CD45RO.tif, P.tif",0.13482646338343976
Point7,9,"HLA_Class_1.tif, Beta catenin.tif, Pan-Keratin.tif, CD45.tif, phospho-S6.tif, Vimentin.tif, HLA-DR.tif, CD45RO.tif, P.tif",0.11021811993307891
Point8,9,"HLA_Class_1.tif, Beta catenin.tif, Pan-Keratin.tif, CD45.tif, phospho-S6.tif, Vimentin.tif, HLA-DR.tif, CD45RO.tif, P.tif",0.11265362874447184
Point9,9,"HLA_Class_1.tif, Beta catenin.tif, Pan-Keratin.tif, CD45.tif, phospho-S6.tif, Vimentin.tif, HLA-DR.tif, CD45RO.tif, P.tif",0.15269713597381723
Point10,9,"HLA_Class_1.tif, Beta catenin.tif, Pan-Keratin.tif, CD45.tif, phospho-S6.tif, Vimentin.tif, HLA-DR.tif, CD45RO.tif, P.tif",0.1484777428063691
Point11,9,"HLA_Class_1.tif, Beta catenin.tif, Pan-Keratin.tif, CD45.tif, phospho-S6.tif, Vimentin.tif, HLA-DR.tif, CD45RO.tif, P.tif",0.15687515360410328
Point12,9,"HLA_Class_1.tif, Beta catenin.tif, Pan-Keratin.tif, CD45.tif, phospho-S6.tif, Vimentin.tif, HLA-DR.tif, CD45RO.tif, P.tif",0.18919171968058773
Point13,9,"HLA_Class_1.tif, Beta catenin.tif, Pan-Keratin.tif, CD45.tif, phospho-S6.tif, Vimentin.tif, HLA-DR.tif, CD45RO.tif, P.tif",0.14836952687352722
Point14,9,"HLA_Class_1.tif, Beta catenin.tif, Pan-Keratin.tif, CD45.tif, phospho-S6.tif, Vimentin.tif, HLA-DR.tif, CD45RO.tif, P.tif",0.16740804094852182
Point15,9,"HLA_Class_1.tif, Beta catenin.tif, Pan-Keratin.tif, CD45.tif, phospho-S6.tif, Vimentin.tif, HLA-DR.tif, CD45RO.tif, P.tif",0.07280078580076296
Point16,9,"HLA_Class_1.tif, Beta catenin.tif, Pan-Keratin.tif, CD45.tif, phospho-S6.tif, Vimentin.tif, HLA-DR.tif, CD45RO.tif, P.tif",0.18387206219916707
Point17,9,"HLA_Class_1.tif, Beta catenin.tif, Pan-Keratin.tif, CD45.tif, phospho-S6.tif, Vimentin.tif, HLA-DR.tif, CD45RO.tif, P.tif",0.16654839682692696
Point18,9,"HLA_Class_1.tif, Beta catenin.tif, Pan-Keratin.tif, CD45.tif, phospho-S6.tif, Vimentin.tif, HLA-DR.tif, CD45RO.tif, P.tif",0.13441273826576322
Point19,9,"HLA_Class_1.tif, Beta catenin.tif, Pan-Keratin.tif, CD45.tif, phospho-S6.tif, Vimentin.tif, HLA-DR.tif, CD45RO.tif, P.tif",0.14240483305533924
Point20,9,"HLA_Class_1.tif, Beta catenin.tif, Pan-Keratin.tif, CD45.tif, phospho-S6.tif, Vimentin.tif, HLA-DR.tif, CD45RO.tif, P.tif",0.13817759617245276
Point21,9,"HLA_Class_1.tif, Beta catenin.tif, Pan-Keratin.tif, CD45.tif, phospho-S6.tif, Vimentin.tif, HLA-DR.tif, CD45RO.tif, P.tif",0.1649878745939249
Point22,9,"HLA_Class_1.tif, Beta catenin.tif, Pan-Keratin.tif, CD45.tif, phospho-S6.tif, Vimentin.tif, HLA-DR.tif, CD45RO.tif, P.tif",0.07100119932945054
Point23,9,"HLA_Class_1.tif, Beta catenin.tif, Pan-Keratin.tif, CD45.tif, phospho-S6.tif, Vimentin.tif, HLA-DR.tif, CD45RO.tif, P.tif",0.13161527249278956
Point24,9,"HLA_Class_1.tif, Beta catenin.tif, Pan-Keratin.tif, CD45.tif, phospho-S6.tif, Vimentin.tif, HLA-DR.tif, CD45RO.tif, P.tif",0.15190894984897066
Point25,9,"HLA_Class_1.tif, Beta catenin.tif, Pan-Keratin.tif, CD45.tif, phospho-S6.tif, Vimentin.tif, HLA-DR.tif, CD45RO.tif, P.tif",0.12216649221718257
Point26,9,"HLA_Class_1.tif, Beta catenin.tif, Pan-Keratin.tif, CD45.tif, phospho-S6.tif, Vimentin.tif, HLA-DR.tif, CD45RO.tif, P.tif",0.13495279255479414
Point27,9,"HLA_Class_1.tif, Beta catenin.tif, Pan-Keratin.tif, CD45.tif, phospho-S6.tif, Vimentin.tif, HLA-DR.tif, CD45RO.tif, P.tif",0.12237928262464606
Point28,9,"HLA_Class_1.tif, Beta catenin.tif, Pan-Keratin.tif, CD45.tif, phospho-S6.tif, Vimentin.tif, HLA-DR.tif, CD45RO.tif, P.tif",0.2110282250197756
Point29,9,"HLA_Class_1.tif, Beta catenin.tif, Pan-Keratin.tif, CD45.tif, phospho-S6.tif, Vimentin.tif, HLA-DR.tif, CD45RO.tif, P.tif",0.1347866209919117
Point30,9,"HLA_Class_1.tif, Beta catenin.tif, Pan-Keratin.tif, CD45.tif, phospho-S6.tif, Vimentin.tif, HLA-DR.tif, CD45RO.tif, P.tif",0.24076939269839823
Point31,9,"HLA_Class_1.tif, Beta catenin.tif, Pan-Keratin.tif, CD45.tif, phospho-S6.tif, Vimentin.tif, HLA-DR.tif, CD45RO.tif, P.tif",0.12699238671237256
Point32,9,"HLA_Class_1.tif, Beta catenin.tif, Pan-Keratin.tif, CD45.tif, phospho-S6.tif, Vimentin.tif, HLA-DR.tif, CD45RO.tif, P.tif",0.17441580669729914
Point33,9,"HLA_Class_1.tif, Beta catenin.tif, Pan-Keratin.tif, CD45.tif, phospho-S6.tif, Vimentin.tif, HLA-DR.tif, CD45RO.tif, P.tif",0.10889205490671149
Point34,9,"HLA_Class_1.tif, Beta catenin.tif, Pan-Keratin.tif, CD45.tif, phospho-S6.tif, Vimentin.tif, HLA-DR.tif, CD45RO.tif, P.tif",0.13512463397745583
Point35,9,"HLA_Class_1.tif, Beta catenin.tif, Pan-Keratin.tif, CD45.tif, phospho-S6.tif, Vimentin.tif, HLA-DR.tif, CD45RO.tif, P.tif",0.19989373565869295
Point36,9,"HLA_Class_1.tif, Beta catenin.tif, Pan-Keratin.tif, CD45.tif, phospho-S6.tif, Vimentin.tif, HLA-DR.tif, CD45RO.tif, P.tif",0.12280058577590265
Point37,9,"HLA_Class_1.tif, Beta catenin.tif, Pan-Keratin.tif, CD45.tif, phospho-S6.tif, Vimentin.tif, HLA-DR.tif, CD45RO.tif, P.tif",0.16345481251193825
Point38,9,"HLA_Class_1.tif, Beta catenin.tif, Pan-Keratin.tif, CD45.tif, phospho-S6.tif, Vimentin.tif, HLA-DR.tif, CD45RO.tif, P.tif",0.13014762890297116
Point39,9,"HLA_Class_1.tif, Beta catenin.tif, Pan-Keratin.tif, CD45.tif, phospho-S6.tif, Vimentin.tif, HLA-DR.tif, CD45RO.tif, P.tif",0.15186619736983997
Point40,9,"HLA_Class_1.tif, Beta catenin.tif, Pan-Keratin.tif, CD45.tif, phospho-S6.tif, Vimentin.tif, HLA-DR.tif, CD45RO.tif, P.tif",0.15430602632321927
Point41,9,"HLA_Class_1.tif, Beta catenin.tif, Pan-Keratin.tif, CD45.tif, phospho-S6.tif, Vimentin.tif, HLA-DR.tif, CD45RO.tif, P.tif",0.15147221219206944
Point1,10,"HLA_Class_1.tif, Beta catenin.tif, Pan-Keratin.tif, CD45.tif, phospho-S6.tif, Vimentin.tif, HLA-DR.tif, CD45RO.tif, P.tif, Keratin6.tif",0.10501383425600753
Point2,10,"HLA_Class_1.tif, Beta catenin.tif, Pan-Keratin.tif, CD45.tif, phospho-S6.tif, Vimentin.tif, HLA-DR.tif, CD45RO.tif, P.tif, Keratin6.tif",0.09859887185651289
Point3,10,"HLA_Class_1.tif, Beta catenin.tif, Pan-Keratin.tif, CD45.tif, phospho-S6.tif, Vimentin.tif, HLA-DR.tif, CD45RO.tif, P.tif, Keratin6.tif",0.15147460488311495
Point4,10,"HLA_Class_1.tif, Beta catenin.tif, Pan-Keratin.tif, CD45.tif, phospho-S6.tif, Vimentin.tif, HLA-DR.tif, CD45RO.tif, P.tif, Keratin6.tif",0.14794758014928155
Point5,10,"HLA_Class_1.tif, Beta catenin.tif, Pan-Keratin.tif, CD45.tif, phospho-S6.tif, Vimentin.tif, HLA-DR.tif, CD45RO.tif, P.tif, Keratin6.tif",0.14612166554435602
Point6,10,"HLA_Class_1.tif, Beta catenin.tif, Pan-Keratin.tif, CD45.tif, phospho-S6.tif, Vimentin.tif, HLA-DR.tif, CD45RO.tif, P.tif, Keratin6.tif",0.13852358448087068
Point7,10,"HLA_Class_1.tif, Beta catenin.tif, Pan-Keratin.tif, CD45.tif, phospho-S6.tif, Vimentin.tif, HLA-DR.tif, CD45RO.tif, P.tif, Keratin6.tif",0.10701321660345965
Point8,10,"HLA_Class_1.tif, Beta catenin.tif, Pan-Keratin.tif, CD45.tif, phospho-S6.tif, Vimentin.tif, HLA-DR.tif, CD45RO.tif, P.tif, Keratin6.tif",0.10713654608335647
Point9,10,"HLA_Class_1.tif, Beta catenin.tif, Pan-Keratin.tif, CD45.tif, phospho-S6.tif, Vimentin.tif, HLA-DR.tif, CD45RO.tif, P.tif, Keratin6.tif",0.1522141246027135
Point10,10,"HLA_Class_1.tif, Beta catenin.tif, Pan-Keratin.tif, CD45.tif, phospho-S6.tif, Vimentin.tif, HLA-DR.tif, CD45RO.tif, P.tif, Keratin6.tif",0.1492043185069802
Point11,10,"HLA_Class_1.tif, Beta catenin.tif, Pan-Keratin.tif, CD45.tif, phospho-S6.tif, Vimentin.tif, HLA-DR.tif, CD45RO.tif, P.tif, Keratin6.tif",0.15589340444321312
Point12,10,"HLA_Class_1.tif, Beta catenin.tif, Pan-Keratin.tif, CD45.tif, phospho-S6.tif, Vimentin.tif, HLA-DR.tif, CD45RO.tif, P.tif, Keratin6.tif",0.18959162905937527
Point13,10,"HLA_Class_1.tif, Beta catenin.tif, Pan-Keratin.tif, CD45.tif, phospho-S6.tif, Vimentin.tif, HLA-DR.tif, CD45RO.tif, P.tif, Keratin6.tif",0.15013094736494245
Point14,10,"HLA_Class_1.tif, Beta catenin.tif, Pan-Keratin.tif, CD45.tif, phospho-S6.tif, Vimentin.tif, HLA-DR.tif, CD45RO.tif, P.tif, Keratin6.tif",0.1692361070196456
Point15,10,"HLA_Class_1.tif, Beta catenin.tif, Pan-Keratin.tif, CD45.tif, phospho-S6.tif, Vimentin.tif, HLA-DR.tif, CD45RO.tif, P.tif, Keratin6.tif",0.07438091077797519
Point16,10,"HLA_Class_1.tif, Beta catenin.tif, Pan-Keratin.tif, CD45.tif, phospho-S6.tif, Vimentin.tif, HLA-DR.tif, CD45RO.tif, P.tif, Keratin6.tif",0.181041106353715
Point17,10,"HLA_Class_1.tif, Beta catenin.tif, Pan-Keratin.tif, CD45.tif, phospho-S6.tif, Vimentin.tif, HLA-DR.tif, CD45RO.tif, P.tif, Keratin6.tif",0.16499825640730326
Point18,10,"HLA_Class_1.tif, Beta catenin.tif, Pan-Keratin.tif, CD45.tif, phospho-S6.tif, Vimentin.tif, HLA-DR.tif, CD45RO.tif, P.tif, Keratin6.tif",0.13695819931589992
Point19,10,"HLA_Class_1.tif, Beta catenin.tif, Pan-Keratin.tif, CD45.tif, phospho-S6.tif, Vimentin.tif, HLA-DR.tif, CD45RO.tif, P.tif, Keratin6.tif",0.14273295053624516
Point20,10,"HLA_Class_1.tif, Beta catenin.tif, Pan-Keratin.tif, CD45.tif, phospho-S6.tif, Vimentin.tif, HLA-DR.tif, CD45RO.tif, P.tif, Keratin6.tif",0.1390656908609009
Point21,10,"HLA_Class_1.tif, Beta catenin.tif, Pan-Keratin.tif, CD45.tif, phospho-S6.tif, Vimentin.tif, HLA-DR.tif, CD45RO.tif, P.tif, Keratin6.tif",0.17648195135594447
Point22,10,"HLA_Class_1.tif, Beta catenin.tif, Pan-Keratin.tif, CD45.tif, phospho-S6.tif, Vimentin.tif, HLA-DR.tif, CD45RO.tif, P.tif, Keratin6.tif",0.07482045780215567
Point23,10,"HLA_Class_1.tif, Beta catenin.tif, Pan-Keratin.tif, CD45.tif, phospho-S6.tif, Vimentin.tif, HLA-DR.tif, CD45RO.tif, P.tif, Keratin6.tif",0.14288569739094845
Point24,10,"HLA_Class_1.tif, Beta catenin.tif, Pan-Keratin.tif, CD45.tif, phospho-S6.tif, Vimentin.tif, HLA-DR.tif, CD45RO.tif, P.tif, Keratin6.tif",0.16592507438918755
Point25,10,"HLA_Class_1.tif, Beta catenin.tif, Pan-Keratin.tif, CD45.tif, phospho-S6.tif, Vimentin.tif, HLA-DR.tif, CD45RO.tif, P.tif, Keratin6.tif",0.12560310698129662
Point26,10,"HLA_Class_1.tif, Beta catenin.tif, Pan-Keratin.tif, CD45.tif, phospho-S6.tif, Vimentin.tif, HLA-DR.tif, CD45RO.tif, P.tif, Keratin6.tif",0.1353146928485754
Point27,10,"HLA_Class_1.tif, Beta catenin.tif, Pan-Keratin.tif, CD45.tif, phospho-S6.tif, Vimentin.tif, HLA-DR.tif, CD45RO.tif, P.tif, Keratin6.tif",0.12181857035322444
Point28,10,"HLA_Class_1.tif, Beta catenin.tif, Pan-Keratin.tif, CD45.tif, phospho-S6.tif, Vimentin.tif, HLA-DR.tif, CD45RO.tif, P.tif, Keratin6.tif",0.2072134578118998
Point29,10,"HLA_Class_1.tif, Beta catenin.tif, Pan-Keratin.tif, CD45.tif, phospho-S6.tif, Vimentin.tif, HLA-DR.tif, CD45RO.tif, P.tif, Keratin6.tif",0.13827528332275416
Point30,10,"HLA_Class_1.tif, Beta catenin.tif, Pan-Keratin.tif, CD45.tif, phospho-S6.tif, Vimentin.tif, HLA-DR.tif, CD45RO.tif, P.tif, Keratin6.tif",0.24072805418720564
Point31,10,"HLA_Class_1.tif, Beta catenin.tif, Pan-Keratin.tif, CD45.tif, phospho-S6.tif, Vimentin.tif, HLA-DR.tif, CD45RO.tif, P.tif, Keratin6.tif",0.12932645639859178
Point32,10,"HLA_Class_1.tif, Beta catenin.tif, Pan-Keratin.tif, CD45.tif, phospho-S6.tif, Vimentin.tif, HLA-DR.tif, CD45RO.tif, P.tif, Keratin6.tif",0.17242698154472683
Point33,10,"HLA_Class_1.tif, Beta catenin.tif, Pan-Keratin.tif, CD45.tif, phospho-S6.tif, Vimentin.tif, HLA-DR.tif, CD45RO.tif, P.tif, Keratin6.tif",0.11021373486649345
Point34,10,"HLA_Class_1.tif, Beta catenin.tif, Pan-Keratin.tif, CD45.tif, phospho-S6.tif, Vimentin.tif, HLA-DR.tif, CD45RO.tif, P.tif, Keratin6.tif",0.13241233605014882
Point35,10,"HLA_Class_1.tif, Beta catenin.tif, Pan-Keratin.tif, CD45.tif, phospho-S6.tif, Vimentin.tif, HLA-DR.tif, CD45RO.tif, P.tif, Keratin6.tif",0.19995590673955901
Point36,10,"HLA_Class_1.tif, Beta catenin.tif, Pan-Keratin.tif, CD45.tif, phospho-S6.tif, Vimentin.tif, HLA-DR.tif, CD45RO.tif, P.tif, Keratin6.tif",0.12179564507709241
Point37,10,"HLA_Class_1.tif, Beta catenin.tif, Pan-Keratin.tif, CD45.tif, phospho-S6.tif, Vimentin.tif, HLA-DR.tif, CD45RO.tif, P.tif, Keratin6.tif",0.16229164100838211
Point38,10,"HLA_Class_1.tif, Beta catenin.tif, Pan-Keratin.tif, CD45.tif, phospho-S6.tif, Vimentin.tif, HLA-DR.tif, CD45RO.tif, P.tif, Keratin6.tif",0.14105457455783
Point39,10,"HLA_Class_1.tif, Beta catenin.tif, Pan-Keratin.tif, CD45.tif, phospho-S6.tif, Vimentin.tif, HLA-DR.tif, CD45RO.tif, P.tif, Keratin6.tif",0.14809171790013745
Point40,10,"HLA_Class_1.tif, Beta catenin.tif, Pan-Keratin.tif, CD45.tif, phospho-S6.tif, Vimentin.tif, HLA-DR.tif, CD45RO.tif, P.tif, Keratin6.tif",0.15547789946593124
Point41,10,"HLA_Class_1.tif, Beta catenin.tif, Pan-Keratin.tif, CD45.tif, phospho-S6.tif, Vimentin.tif, HLA-DR.tif, CD45RO.tif, P.tif, Keratin6.tif",0.15034498303626054
